id,category,difficulty,difficulty_normalized,topic,question,option_a,option_b,option_c,option_d,option_e,option_f,answer,solution,source_file,source_repo
1,01 Quantitative Aptitude (Numerical Ability),01 Basic,easy,Percentages,What is 25% of 400?,,,,,,,100,25% of 400 = (25/100) × 400 = 0.25 × 400 = 100.,01 Quantitative Aptitude (Numerical Ability)/01 Basic/README.md,https://github.com/rohanmistry231/CSE-Aptitude-Test-Practice-Hub
2,01 Quantitative Aptitude (Numerical Ability),01 Basic,easy,Percentages,Find 10% of 1500.,,,,,,,150,10% of 1500 = (10/100) × 1500 = 0.1 × 1500 = 150.,01 Quantitative Aptitude (Numerical Ability)/01 Basic/README.md,https://github.com/rohanmistry231/CSE-Aptitude-Test-Practice-Hub
3,01 Quantitative Aptitude (Numerical Ability),01 Basic,easy,Percentages,"If 20% of a number is 80, what is the number?",,,,,,,400,"Let the number be \( x \). Then, 20% of \( x = 80 \). \( 0.2x = 80 \), so \( x = 80 / 0.2 = 400 \).",01 Quantitative Aptitude (Numerical Ability)/01 Basic/README.md,https://github.com/rohanmistry231/CSE-Aptitude-Test-Practice-Hub
4,01 Quantitative Aptitude (Numerical Ability),01 Basic,easy,Percentages,What is 5% of 2000?,,,,,,,100,5% of 2000 = (5/100) × 2000 = 0.05 × 2000 = 100.,01 Quantitative Aptitude (Numerical Ability)/01 Basic/README.md,https://github.com/rohanmistry231/CSE-Aptitude-Test-Practice-Hub
5,01 Quantitative Aptitude (Numerical Ability),01 Basic,easy,Percentages,"If 15% of a number is 45, find the number.",,,,,,,300,"Let the number be \( x \). Then, \( 0.15x = 45 \). \( x = 45 / 0.15 = 300 \).",01 Quantitative Aptitude (Numerical Ability)/01 Basic/README.md,https://github.com/rohanmistry231/CSE-Aptitude-Test-Practice-Hub
6,01 Quantitative Aptitude (Numerical Ability),01 Basic,easy,Percentages,Calculate 40% of 250.,,,,,,,100,40% of 250 = (40/100) × 250 = 0.4 × 250 = 100.,01 Quantitative Aptitude (Numerical Ability)/01 Basic/README.md,https://github.com/rohanmistry231/CSE-Aptitude-Test-Practice-Hub
7,01 Quantitative Aptitude (Numerical Ability),01 Basic,easy,Percentages,"If a number increased by 20% gives 240, what is the original number?",,,,,,,200,"Let the original number be \( x \). Then, \( x + 0.2x = 240 \). \( 1.2x = 240 \), so \( x = 240 / 1.2 = 200 \).",01 Quantitative Aptitude (Numerical Ability)/01 Basic/README.md,https://github.com/rohanmistry231/CSE-Aptitude-Test-Practice-Hub
8,01 Quantitative Aptitude (Numerical Ability),01 Basic,easy,Percentages,What is 30% of 600?,,,,,,,180,30% of 600 = (30/100) × 600 = 0.3 × 600 = 180.,01 Quantitative Aptitude (Numerical Ability)/01 Basic/README.md,https://github.com/rohanmistry231/CSE-Aptitude-Test-Practice-Hub
9,01 Quantitative Aptitude (Numerical Ability),01 Basic,easy,Percentages,"If 50% of a number is 75, what is the number?",,,,,,,150,"Let the number be \( x \). Then, \( 0.5x = 75 \). \( x = 75 / 0.5 = 150 \).",01 Quantitative Aptitude (Numerical Ability)/01 Basic/README.md,https://github.com/rohanmistry231/CSE-Aptitude-Test-Practice-Hub
10,01 Quantitative Aptitude (Numerical Ability),01 Basic,easy,Percentages,Find 12.5% of 800.,,,,,,,100,12.5% of 800 = (12.5/100) × 800 = 0.125 × 800 = 100.,01 Quantitative Aptitude (Numerical Ability)/01 Basic/README.md,https://github.com/rohanmistry231/CSE-Aptitude-Test-Practice-Hub
11,01 Quantitative Aptitude (Numerical Ability),01 Basic,easy,Profit and Loss,A book is bought for $100 and sold for $120. Find the profit percentage.,,,,,,,20%,Profit = Selling Price - Cost Price = 120 - 100 = 20. Profit % = (Profit / Cost Price) × 100 = (20 / 100) × 100 = 20%.,01 Quantitative Aptitude (Numerical Ability)/01 Basic/README.md,https://github.com/rohanmistry231/CSE-Aptitude-Test-Practice-Hub
12,01 Quantitative Aptitude (Numerical Ability),01 Basic,easy,Profit and Loss,An item is sold for $150 at a loss of $30. What is the cost price?,,,,,,,$180,Cost Price = Selling Price + Loss = 150 + 30 = 180.,01 Quantitative Aptitude (Numerical Ability)/01 Basic/README.md,https://github.com/rohanmistry231/CSE-Aptitude-Test-Practice-Hub
13,01 Quantitative Aptitude (Numerical Ability),01 Basic,easy,Profit and Loss,"If the cost price of an item is $200 and profit is 25%, find the selling price.",,,,,,,$250,Profit = 25% of 200 = 0.25 × 200 = 50. Selling Price = Cost Price + Profit = 200 + 50 = 250.,01 Quantitative Aptitude (Numerical Ability)/01 Basic/README.md,https://github.com/rohanmistry231/CSE-Aptitude-Test-Practice-Hub
14,01 Quantitative Aptitude (Numerical Ability),01 Basic,easy,Profit and Loss,A pen is sold for $8 at a loss of 20%. Find the cost price.,,,,,,,$10,"Let Cost Price be \( x \). Then, Selling Price = 80% of \( x \). \( 0.8x = 8 \), so \( x = 8 / 0.8 = 10 \).",01 Quantitative Aptitude (Numerical Ability)/01 Basic/README.md,https://github.com/rohanmistry231/CSE-Aptitude-Test-Practice-Hub
15,01 Quantitative Aptitude (Numerical Ability),02 Intermediate,medium,Percentages,"A number is increased by 20% and then decreased by 10%. If the final number is 264, find the original number.",,,,,,,244.44,Let the original number be \( x \). After 20% increase: \( 1.2x \). After 10% decrease: \( 1.2x \times 0.9 = 1.08x \). Given \( 1.08x = 264 \). \( x = 264 / 1.08 = 244.44 \).,01 Quantitative Aptitude (Numerical Ability)/02 Intermediate/README.md,https://github.com/rohanmistry231/CSE-Aptitude-Test-Practice-Hub
16,01 Quantitative Aptitude (Numerical Ability),02 Intermediate,medium,Percentages,"If 30% of a number is 45, what is 40% of that number?",,,,,,,60,"Let the number be \( x \). Given \( 0.3x = 45 \), so \( x = 45 / 0.3 = 150 \). 40% of 150 = \( 0.4 \times 150 = 60 \).",01 Quantitative Aptitude (Numerical Ability)/02 Intermediate/README.md,https://github.com/rohanmistry231/CSE-Aptitude-Test-Practice-Hub
17,01 Quantitative Aptitude (Numerical Ability),02 Intermediate,medium,Percentages,A salary of $5000 is increased by 15%. What is the new salary?,,,,,,,$5750,Increase = \( 15\% \times 5000 = 0.15 \times 5000 = 750 \). New salary = \( 5000 + 750 = 5750 \).,01 Quantitative Aptitude (Numerical Ability)/02 Intermediate/README.md,https://github.com/rohanmistry231/CSE-Aptitude-Test-Practice-Hub
18,01 Quantitative Aptitude (Numerical Ability),02 Intermediate,medium,Percentages,"If a price is reduced by 25% and the new price is $150, what was the original price?",,,,,,,$200,Let original price be \( x \). New price = \( 0.75x = 150 \). \( x = 150 / 0.75 = 200 \).,01 Quantitative Aptitude (Numerical Ability)/02 Intermediate/README.md,https://github.com/rohanmistry231/CSE-Aptitude-Test-Practice-Hub
19,01 Quantitative Aptitude (Numerical Ability),02 Intermediate,medium,Percentages,"A number is decreased by 10% and then increased by 20%. If the final result is 264, find the original number.",,,,,,,244.44,Let original number be \( x \). After 10% decrease: \( 0.9x \). After 20% increase: \( 0.9x \times 1.2 = 1.08x \). Given \( 1.08x = 264 \). \( x = 264 / 1.08 = 244.44 \).,01 Quantitative Aptitude (Numerical Ability)/02 Intermediate/README.md,https://github.com/rohanmistry231/CSE-Aptitude-Test-Practice-Hub
20,01 Quantitative Aptitude (Numerical Ability),02 Intermediate,medium,Percentages,"If 40% of a number exceeds 25% of it by 30, find the number.",,,,,,,200,"Let the number be \( x \). Then, \( 0.4x - 0.25x = 30 \). \( 0.15x = 30 \), so \( x = 30 / 0.15 = 200 \).",01 Quantitative Aptitude (Numerical Ability)/02 Intermediate/README.md,https://github.com/rohanmistry231/CSE-Aptitude-Test-Practice-Hub
21,01 Quantitative Aptitude (Numerical Ability),02 Intermediate,medium,Percentages,"A shop offers a 20% discount on an item and still makes a 20% profit. If the cost price is $100, find the marked price.",,,,,,,$150,"Selling price with 20% profit = \( 100 \times 1.2 = 120 \). Let marked price be \( m \). After 20% discount, \( 0.8m = 120 \). \( m = 120 / 0.8 = 150 \).",01 Quantitative Aptitude (Numerical Ability)/02 Intermediate/README.md,https://github.com/rohanmistry231/CSE-Aptitude-Test-Practice-Hub
22,01 Quantitative Aptitude (Numerical Ability),02 Intermediate,medium,Percentages,"If a population increases by 10% annually, what is the population after 2 years if it is 1000 now?",,,,,,,1210,Population after 1 year = \( 1000 \times 1.1 = 1100 \). After 2 years = \( 1100 \times 1.1 = 1210 \).,01 Quantitative Aptitude (Numerical Ability)/02 Intermediate/README.md,https://github.com/rohanmistry231/CSE-Aptitude-Test-Practice-Hub
23,01 Quantitative Aptitude (Numerical Ability),02 Intermediate,medium,Percentages,"A number is increased by 25% and then decreased by 20%. If the result is 300, find the original number.",,,,,,,300,Let original number be \( x \). After 25% increase: \( 1.25x \). After 20% decrease: \( 1.25x \times 0.8 = x \). Given \( x = 300 \).,01 Quantitative Aptitude (Numerical Ability)/02 Intermediate/README.md,https://github.com/rohanmistry231/CSE-Aptitude-Test-Practice-Hub
24,01 Quantitative Aptitude (Numerical Ability),02 Intermediate,medium,Percentages,"If 15% of a number is 60, what is 75% of that number?",,,,,,,300,"Let the number be \( x \). Given \( 0.15x = 60 \), so \( x = 60 / 0.15 = 400 \). 75% of 400 = \( 0.75 \times 400 = 300 \).",01 Quantitative Aptitude (Numerical Ability)/02 Intermediate/README.md,https://github.com/rohanmistry231/CSE-Aptitude-Test-Practice-Hub
25,01 Quantitative Aptitude (Numerical Ability),02 Intermediate,medium,Profit and Loss,"A shopkeeper sells an item at a 10% profit. If the cost price is $200, what is the selling price?",,,,,,,$220,Profit = \( 10\% \times 200 = 20 \). Selling price = \( 200 + 20 = 220 \).,01 Quantitative Aptitude (Numerical Ability)/02 Intermediate/README.md,https://github.com/rohanmistry231/CSE-Aptitude-Test-Practice-Hub
26,01 Quantitative Aptitude (Numerical Ability),02 Intermediate,medium,Profit and Loss,"An article is sold at a 15% loss. If the selling price is $170, find the cost price.",,,,,,,$200,Let cost price be \( x \). Selling price = \( 0.85x = 170 \). \( x = 170 / 0.85 = 200 \).,01 Quantitative Aptitude (Numerical Ability)/02 Intermediate/README.md,https://github.com/rohanmistry231/CSE-Aptitude-Test-Practice-Hub
27,01 Quantitative Aptitude (Numerical Ability),02 Intermediate,medium,Profit and Loss,A man buys an item for $150 and sells it for $180. Find the profit percentage.,,,,,,,20%,Profit = \( 180 - 150 = 30 \). Profit % = \( (30 / 150) \times 100 = 20\% \).,01 Quantitative Aptitude (Numerical Ability)/02 Intermediate/README.md,https://github.com/rohanmistry231/CSE-Aptitude-Test-Practice-Hub
28,01 Quantitative Aptitude (Numerical Ability),03 Advance,hard,Percentages,"A number is increased by 25%, then decreased by 20%, and again increased by 10%. If the final result is 330, find the original number.",,,,,,,300,Let the original number be \( x \). After 25% increase: \( 1.25x \). After 20% decrease: \( 1.25x \times 0.8 = x \). After 10% increase: \( x \times 1.1 = 1.1x \). Given \( 1.1x = 330 \). \( x = 330 / 1.1 = 300 \).,01 Quantitative Aptitude (Numerical Ability)/03 Advance/README.md,https://github.com/rohanmistry231/CSE-Aptitude-Test-Practice-Hub
29,01 Quantitative Aptitude (Numerical Ability),03 Advance,hard,Percentages,"If 40% of a number exceeds 25% of it by 45, and 60% of the same number is 180, find the number.",,,,,,,300,"Let the number be \( x \). From first condition: \( 0.4x - 0.25x = 45 \), so \( 0.15x = 45 \), \( x = 45 / 0.15 = 300 \). From second condition: \( 0.6x = 180 \), so \( x = 180 / 0.6 = 300 \). Both confirm \( x = 300 \).",01 Quantitative Aptitude (Numerical Ability)/03 Advance/README.md,https://github.com/rohanmistry231/CSE-Aptitude-Test-Practice-Hub
30,01 Quantitative Aptitude (Numerical Ability),03 Advance,hard,Percentages,"A shop offers successive discounts of 20% and 15%. If the marked price is $500, find the final selling price.",,,,,,,$340,After 20% discount: \( 500 \times 0.8 = 400 \). After 15% discount: \( 400 \times 0.85 = 340 \).,01 Quantitative Aptitude (Numerical Ability)/03 Advance/README.md,https://github.com/rohanmistry231/CSE-Aptitude-Test-Practice-Hub
31,01 Quantitative Aptitude (Numerical Ability),03 Advance,hard,Percentages,"A population increases by 10% in the first year and 20% in the second year. If the final population is 2640, find the initial population.",,,,,,,2000,Let initial population be \( x \). After first year: \( 1.1x \). After second year: \( 1.1x \times 1.2 = 1.32x \). Given \( 1.32x = 2640 \). \( x = 2640 / 1.32 = 2000 \).,01 Quantitative Aptitude (Numerical Ability)/03 Advance/README.md,https://github.com/rohanmistry231/CSE-Aptitude-Test-Practice-Hub
32,01 Quantitative Aptitude (Numerical Ability),03 Advance,hard,Percentages,"If a number is reduced by 30% and then increased by 40%, the result is 280. Find the original number.",,,,,,,285.71,Let the number be \( x \). After 30% reduction: \( 0.7x \). After 40% increase: \( 0.7x \times 1.4 = 0.98x \). Given \( 0.98x = 280 \). \( x = 280 / 0.98 \approx 285.71 \).,01 Quantitative Aptitude (Numerical Ability)/03 Advance/README.md,https://github.com/rohanmistry231/CSE-Aptitude-Test-Practice-Hub
33,01 Quantitative Aptitude (Numerical Ability),03 Advance,hard,Percentages,"A salary is increased by 10%, then by 20%, and then decreased by 25%. If the final salary is $3300, find the original salary.",,,,,,,3333.33,Let original salary be \( x \). After 10% increase: \( 1.1x \). After 20% increase: \( 1.1x \times 1.2 = 1.32x \). After 25% decrease: \( 1.32x \times 0.75 = 0.99x \). Given \( 0.99x = 3300 \). \( x = 3300 / 0.99 \approx 3333.33 \).,01 Quantitative Aptitude (Numerical Ability)/03 Advance/README.md,https://github.com/rohanmistry231/CSE-Aptitude-Test-Practice-Hub
34,01 Quantitative Aptitude (Numerical Ability),03 Advance,hard,Percentages,"If 15% of a number is equal to 20% of another number, and their sum is 350, find the numbers.",,,,,,,200 and 150,"Let numbers be \( x \) and \( y \). Given \( 0.15x = 0.2y \), so \( 3x = 4y \), or \( y = 3x/4 \). Also, \( x + y = 350 \). Substitute: \( x + 3x/4 = 350 \), so \( 7x/4 = 350 \), \( x = 200 \). Then \( y = 350 - 200 = 150 \).",01 Quantitative Aptitude (Numerical Ability)/03 Advance/README.md,https://github.com/rohanmistry231/CSE-Aptitude-Test-Practice-Hub
35,01 Quantitative Aptitude (Numerical Ability),03 Advance,hard,Percentages,"A product’s price is increased by 20%, then decreased by 10%, and again increased by 5%. If the final price is $462, find the original price.",,,,,,,407.41,Let original price be \( x \). After 20% increase: \( 1.2x \). After 10% decrease: \( 1.2x \times 0.9 = 1.08x \). After 5% increase: \( 1.08x \times 1.05 = 1.134x \). Given \( 1.134x = 462 \). \( x = 462 / 1.134 \approx 407.41 \).,01 Quantitative Aptitude (Numerical Ability)/03 Advance/README.md,https://github.com/rohanmistry231/CSE-Aptitude-Test-Practice-Hub
36,01 Quantitative Aptitude (Numerical Ability),03 Advance,hard,Percentages,"If 25% of a number is 75, and 10% of the same number is increased by 20, what is the result?",,,,,,,50,"Let number be \( x \). Given \( 0.25x = 75 \), so \( x = 75 / 0.25 = 300 \). 10% of 300 = \( 0.1 \times 300 = 30 \). Increase by 20: \( 30 + 20 = 50 \).",01 Quantitative Aptitude (Numerical Ability)/03 Advance/README.md,https://github.com/rohanmistry231/CSE-Aptitude-Test-Practice-Hub
37,01 Quantitative Aptitude (Numerical Ability),03 Advance,hard,Percentages,"A shop gives a 30% discount on an item, and the discounted price is $350. If the shop still makes a 25% profit, find the cost price.",,,,,,,$280,"Let marked price be \( m \). After 30% discount: \( 0.7m = 350 \), so \( m = 350 / 0.7 = 500 \). Let cost price be \( c \). Selling price = \( 350 \), with 25% profit: \( 1.25c = 350 \). \( c = 350 / 1.25 = 280 \).",01 Quantitative Aptitude (Numerical Ability)/03 Advance/README.md,https://github.com/rohanmistry231/CSE-Aptitude-Test-Practice-Hub
38,01 Quantitative Aptitude (Numerical Ability),03 Advance,hard,Profit and Loss,"A trader sells an item at a 15% profit. If the cost price increases by 10% and selling price remains the same, what is the new profit percentage?",,,,,,,4.55%,"Let original cost price = $100, selling price = \( 100 \times 1.15 = 115 \). New cost price = \( 100 \times 1.1 = 110 \). New profit = \( 115 - 110 = 5 \). New profit % = \( (5 / 110) \times 100 \approx 4.55\% \).",01 Quantitative Aptitude (Numerical Ability)/03 Advance/README.md,https://github.com/rohanmistry231/CSE-Aptitude-Test-Practice-Hub
39,01 Quantitative Aptitude (Numerical Ability),03 Advance,hard,Profit and Loss,"An article is sold at a 20% loss. If the selling price is increased by $50, the loss becomes 5%. Find the cost price.",,,,,,,$333.33,"Let cost price = \( x \). Selling price = \( 0.8x \). New selling price = \( 0.8x + 50 \), with 5% loss: \( 0.95x = 0.8x + 50 \). \( 0.15x = 50 \), so \( x = 50 / 0.15 \approx 333.33 \).",01 Quantitative Aptitude (Numerical Ability)/03 Advance/README.md,https://github.com/rohanmistry231/CSE-Aptitude-Test-Practice-Hub
40,01 Quantitative Aptitude (Numerical Ability),03 Advance,hard,Profit and Loss,"A shopkeeper marks an item 40% above cost price and offers a 10% discount. If the selling price is $360, find the profit percentage.",,,,,,,26%,Let cost price = \( c \). Marked price = \( 1.4c \). Selling price after 10% discount: \( 1.4c \times 0.9 = 1.26c = 360 \). \( c = 360 / 1.26 \approx 285.71 \). Profit = \( 360 - 285.71 = 74.29 \). Profit % = \( (74.29 / 285.71) \times 100 \approx 26\% \).,01 Quantitative Aptitude (Numerical Ability)/03 Advance/README.md,https://github.com/rohanmistry231/CSE-Aptitude-Test-Practice-Hub
41,02 Logical Reasoning (Analytical Ability),01 Basic,easy,Series,"Find the next number in the series: 2, 4, 6, 8, ?",,,,,,,10,"The series is arithmetic with a common difference of 2: 2 + 2 = 4, 4 + 2 = 6, 6 + 2 = 8. Next number: 8 + 2 = 10.",02 Logical Reasoning (Analytical Ability)/01 Basic/README.md,https://github.com/rohanmistry231/CSE-Aptitude-Test-Practice-Hub
42,02 Logical Reasoning (Analytical Ability),01 Basic,easy,Series,"Find the next number: 1, 3, 9, 27, ?",,,,,,,81,"The series is geometric: each term is multiplied by 3 (1 × 3 = 3, 3 × 3 = 9, 9 × 3 = 27). Next number: 27 × 3 = 81.",02 Logical Reasoning (Analytical Ability)/01 Basic/README.md,https://github.com/rohanmistry231/CSE-Aptitude-Test-Practice-Hub
43,02 Logical Reasoning (Analytical Ability),01 Basic,easy,Series,"Find the next number: 5, 10, 20, 40, ?",,,,,,,80,"Each term is multiplied by 2: 5 × 2 = 10, 10 × 2 = 20, 20 × 2 = 40. Next number: 40 × 2 = 80.",02 Logical Reasoning (Analytical Ability)/01 Basic/README.md,https://github.com/rohanmistry231/CSE-Aptitude-Test-Practice-Hub
44,02 Logical Reasoning (Analytical Ability),01 Basic,easy,Series,"Find the next number: 1, 4, 7, 10, ?",,,,,,,13,"Arithmetic series with a common difference of 3: 1 + 3 = 4, 4 + 3 = 7, 7 + 3 = 10. Next number: 10 + 3 = 13.",02 Logical Reasoning (Analytical Ability)/01 Basic/README.md,https://github.com/rohanmistry231/CSE-Aptitude-Test-Practice-Hub
45,02 Logical Reasoning (Analytical Ability),01 Basic,easy,Series,"Find the missing number: 2, 5, 11, ?, 26",,,,,,,23,"The series follows a pattern: 2 × 2 + 1 = 5, 5 × 2 + 1 = 11, 11 × 2 + 1 = 23, 23 × 2 + 1 = 47. Missing number: 23.",02 Logical Reasoning (Analytical Ability)/01 Basic/README.md,https://github.com/rohanmistry231/CSE-Aptitude-Test-Practice-Hub
46,02 Logical Reasoning (Analytical Ability),01 Basic,easy,Series,"Find the next number: 3, 6, 12, 24, ?",,,,,,,48,"Each term is multiplied by 2: 3 × 2 = 6, 6 × 2 = 12, 12 × 2 = 24. Next number: 24 × 2 = 48.",02 Logical Reasoning (Analytical Ability)/01 Basic/README.md,https://github.com/rohanmistry231/CSE-Aptitude-Test-Practice-Hub
47,02 Logical Reasoning (Analytical Ability),01 Basic,easy,Series,"Find the next number: 10, 8, 6, 4, ?",,,,,,,2,"Arithmetic series with a common difference of -2: 10 - 2 = 8, 8 - 2 = 6, 6 - 2 = 4. Next number: 4 - 2 = 2.",02 Logical Reasoning (Analytical Ability)/01 Basic/README.md,https://github.com/rohanmistry231/CSE-Aptitude-Test-Practice-Hub
48,02 Logical Reasoning (Analytical Ability),01 Basic,easy,Series,"Find the missing number: 1, 2, 4, 7, ?, 22",,,,,,,11,"Differences: 2-1 = 1, 4-2 = 2, 7-4 = 3, next difference is 4, so 7 + 4 = 11. Next difference is 5: 11 + 5 = 16, then 6: 16 + 6 = 22. Missing number: 11.",02 Logical Reasoning (Analytical Ability)/01 Basic/README.md,https://github.com/rohanmistry231/CSE-Aptitude-Test-Practice-Hub
49,02 Logical Reasoning (Analytical Ability),01 Basic,easy,Series,"Find the next number: 1, 1, 2, 3, 5, ?",,,,,,,8,"Fibonacci series: each term is the sum of the two preceding ones (1 + 1 = 2, 1 + 2 = 3, 2 + 3 = 5). Next number: 3 + 5 = 8.",02 Logical Reasoning (Analytical Ability)/01 Basic/README.md,https://github.com/rohanmistry231/CSE-Aptitude-Test-Practice-Hub
50,02 Logical Reasoning (Analytical Ability),01 Basic,easy,Series,"Find the next number: 4, 16, 64, 256, ?",,,,,,,1024,"Each term is multiplied by 4: 4 × 4 = 16, 16 × 4 = 64, 64 × 4 = 256. Next number: 256 × 4 = 1024.",02 Logical Reasoning (Analytical Ability)/01 Basic/README.md,https://github.com/rohanmistry231/CSE-Aptitude-Test-Practice-Hub
51,02 Logical Reasoning (Analytical Ability),01 Basic,easy,Analogies,Cat : Meow :: Dog : ?,,,,,,,Bark,A cat’s sound is “meow”; a dog’s sound is “bark.”,02 Logical Reasoning (Analytical Ability)/01 Basic/README.md,https://github.com/rohanmistry231/CSE-Aptitude-Test-Practice-Hub
52,02 Logical Reasoning (Analytical Ability),01 Basic,easy,Analogies,Pen : Write :: Scissors : ?,,,,,,,Cut,A pen is used to write; scissors are used to cut.,02 Logical Reasoning (Analytical Ability)/01 Basic/README.md,https://github.com/rohanmistry231/CSE-Aptitude-Test-Practice-Hub
53,02 Logical Reasoning (Analytical Ability),01 Basic,easy,Analogies,Big : Small :: Tall : ?,,,,,,,Short,Big is the opposite of small; tall is the opposite of short.,02 Logical Reasoning (Analytical Ability)/01 Basic/README.md,https://github.com/rohanmistry231/CSE-Aptitude-Test-Practice-Hub
54,02 Logical Reasoning (Analytical Ability),01 Basic,easy,Analogies,Apple : Fruit :: Carrot : ?,,,,,,,Vegetable,Apple is a type of fruit; carrot is a type of vegetable.,02 Logical Reasoning (Analytical Ability)/01 Basic/README.md,https://github.com/rohanmistry231/CSE-Aptitude-Test-Practice-Hub
55,02 Logical Reasoning (Analytical Ability),02 Intermediate,medium,Series,"Find the next number in the series: 2, 5, 11, 23, ?",,,,,,,47,"The pattern is: each term is obtained by doubling the previous term and adding 1. 2 × 2 + 1 = 5, 5 × 2 + 1 = 11, 11 × 2 + 1 = 23, 23 × 2 + 1 = 47.",02 Logical Reasoning (Analytical Ability)/02 Intermediate/README.md,https://github.com/rohanmistry231/CSE-Aptitude-Test-Practice-Hub
56,02 Logical Reasoning (Analytical Ability),02 Intermediate,medium,Series,"Find the missing number: 3, 7, 16, ?, 48",,,,,,,35,"The pattern is: multiply by 2 and add 1, then multiply by 2 and add 2, and so on. 3 × 2 + 1 = 7, 7 × 2 + 2 = 16, 16 × 2 + 3 = 35, 35 × 2 + 4 = 74. Check: 35 fits as 16 × 2 + 3 = 35, and 35 × 2 + 6 = 76 (adjust pattern). Correct pattern: 3 × 2 + 1 = 7, 7 × 2 + 2 = 16, 16 × 2 + 3 = 35, 35 × 2 + 4 = 74. Missing number: 35.",02 Logical Reasoning (Analytical Ability)/02 Intermediate/README.md,https://github.com/rohanmistry231/CSE-Aptitude-Test-Practice-Hub
57,02 Logical Reasoning (Analytical Ability),02 Intermediate,medium,Series,"Find the next number: 1, 4, 10, 22, ?",,,,,,,46,"Differences: 4 - 1 = 3, 10 - 4 = 6, 22 - 10 = 12. Differences double: 3 × 2 = 6, 6 × 2 = 12, 12 × 2 = 24. Next number: 22 + 24 = 46.",02 Logical Reasoning (Analytical Ability)/02 Intermediate/README.md,https://github.com/rohanmistry231/CSE-Aptitude-Test-Practice-Hub
58,02 Logical Reasoning (Analytical Ability),02 Intermediate,medium,Series,"Find the next number: 8, 6, 9, 23, ?",,,,,,,76,"Pattern: multiply by 1 and subtract 2, multiply by 2 and subtract 3, multiply by 3 and subtract 4, multiply by 4 and subtract 5. 8 × 1 - 2 = 6, 6 × 1.5 - 3 = 9, 9 × 2.5 - 4 = 22.5 ≈ 23, 23 × 3.5 - 5 = 75.5 ≈ 76.",02 Logical Reasoning (Analytical Ability)/02 Intermediate/README.md,https://github.com/rohanmistry231/CSE-Aptitude-Test-Practice-Hub
59,02 Logical Reasoning (Analytical Ability),02 Intermediate,medium,Series,"Find the missing number: 2, 6, 12, ?, 30",,,,,,,18,"Pattern: multiply by 3, multiply by 2, multiply by 1.5, multiply by 1.25. 2 × 3 = 6, 6 × 2 = 12, 12 × 1.5 = 18, 18 × 1.25 = 22.5 (adjust). Correct: 2, 6, 12, 18, 30. Missing number: 18.",02 Logical Reasoning (Analytical Ability)/02 Intermediate/README.md,https://github.com/rohanmistry231/CSE-Aptitude-Test-Practice-Hub
60,02 Logical Reasoning (Analytical Ability),02 Intermediate,medium,Series,"Find the next number: 5, 10, 25, 80, ?",,,,,,,320,"Pattern: multiply by 2, multiply by 2.5, multiply by 3.2, multiply by 4. 5 × 2 = 10, 10 × 2.5 = 25, 25 × 3.2 = 80, 80 × 4 = 320.",02 Logical Reasoning (Analytical Ability)/02 Intermediate/README.md,https://github.com/rohanmistry231/CSE-Aptitude-Test-Practice-Hub
61,02 Logical Reasoning (Analytical Ability),02 Intermediate,medium,Series,"Find the next number: 1, 3, 8, 22, ?",,,,,,,56,"Pattern: multiply by 2 and add 1, multiply by 2 and add 2, multiply by 2 and add 6, multiply by 2 and add 12. 1 × 2 + 1 = 3, 3 × 2 + 2 = 8, 8 × 2 + 6 = 22, 22 × 2 + 12 = 56.",02 Logical Reasoning (Analytical Ability)/02 Intermediate/README.md,https://github.com/rohanmistry231/CSE-Aptitude-Test-Practice-Hub
62,02 Logical Reasoning (Analytical Ability),02 Intermediate,medium,Series,"Find the missing number: 4, 9, 25, ?, 121",,,,,,,49,"The series is: 2², 3², 5², 7², 11² (squares of prime numbers). Missing number: 7² = 49.",02 Logical Reasoning (Analytical Ability)/02 Intermediate/README.md,https://github.com/rohanmistry231/CSE-Aptitude-Test-Practice-Hub
63,02 Logical Reasoning (Analytical Ability),02 Intermediate,medium,Series,"Find the next number: 7, 14, 28, 49, ?",,,,,,,77,"Pattern: differences are 7, 14, 21 (multiples of 7). Next difference: 28. 49 + 28 = 77.",02 Logical Reasoning (Analytical Ability)/02 Intermediate/README.md,https://github.com/rohanmistry231/CSE-Aptitude-Test-Practice-Hub
64,02 Logical Reasoning (Analytical Ability),02 Intermediate,medium,Series,"Find the next number: 2, 8, 20, 38, ?",,,,,,,62,"Differences: 6, 12, 18. Pattern: add 6, add 12, add 18, add 24. Next number: 38 + 24 = 62.",02 Logical Reasoning (Analytical Ability)/02 Intermediate/README.md,https://github.com/rohanmistry231/CSE-Aptitude-Test-Practice-Hub
65,02 Logical Reasoning (Analytical Ability),02 Intermediate,medium,Analogies,Clock : Time :: Thermometer : ?,,,,,,,Temperature,A clock measures time; a thermometer measures temperature.,02 Logical Reasoning (Analytical Ability)/02 Intermediate/README.md,https://github.com/rohanmistry231/CSE-Aptitude-Test-Practice-Hub
66,02 Logical Reasoning (Analytical Ability),02 Intermediate,medium,Analogies,Square : Four :: Pentagon : ?,,,,,,,Five,A square has four sides; a pentagon has five sides.,02 Logical Reasoning (Analytical Ability)/02 Intermediate/README.md,https://github.com/rohanmistry231/CSE-Aptitude-Test-Practice-Hub
67,02 Logical Reasoning (Analytical Ability),02 Intermediate,medium,Analogies,Tree : Forest :: Soldier : ?,,,,,,,Army,A tree is part of a forest; a soldier is part of an army.,02 Logical Reasoning (Analytical Ability)/02 Intermediate/README.md,https://github.com/rohanmistry231/CSE-Aptitude-Test-Practice-Hub
68,02 Logical Reasoning (Analytical Ability),03 Advance,hard,Series,"Find the next number: 1, 2, 6, 15, 31, ?",,,,,,,56,"Pattern: differences are 1, 4, 9, 16 (squares: 1², 2², 3², 4²). Next difference: 5² = 25. 31 + 25 = 56.",02 Logical Reasoning (Analytical Ability)/03 Advance/README.md,https://github.com/rohanmistry231/CSE-Aptitude-Test-Practice-Hub
69,02 Logical Reasoning (Analytical Ability),03 Advance,hard,Series,"Find the missing number: 3, 10, 24, ?, 66, 108",,,,,,,52,"Pattern: 3 × 2 + 4 = 10, 10 × 2 + 4 = 24, 24 × 2 + 4 = 52, 52 × 2 + 4 = 108. Missing number: 52. Check: 52 × 2 + 4 = 108, 66 not in sequence (possible typo).",02 Logical Reasoning (Analytical Ability)/03 Advance/README.md,https://github.com/rohanmistry231/CSE-Aptitude-Test-Practice-Hub
70,02 Logical Reasoning (Analytical Ability),03 Advance,hard,Series,"Find the next number: 2, 7, 17, 32, 52, ?",,,,,,,77,"Differences: 5, 10, 15, 20 (arithmetic with common difference 5). Next difference: 25. 52 + 25 = 77.",02 Logical Reasoning (Analytical Ability)/03 Advance/README.md,https://github.com/rohanmistry231/CSE-Aptitude-Test-Practice-Hub
71,02 Logical Reasoning (Analytical Ability),03 Advance,hard,Series,"Find the next number: 1, 3, 10, 36, 148, ?",,,,,,,745,"Pattern: 1 × 2 + 1 = 3, 3 × 3 + 1 = 10, 10 × 3 + 6 = 36, 36 × 4 + 4 = 148, 148 × 5 + 5 = 745.",02 Logical Reasoning (Analytical Ability)/03 Advance/README.md,https://github.com/rohanmistry231/CSE-Aptitude-Test-Practice-Hub
72,02 Logical Reasoning (Analytical Ability),03 Advance,hard,Series,"Find the missing number: 4, 12, 30, ?, 156, 312",,,,,,,60,"Pattern: 4 × 3 = 12, 12 × 2.5 = 30, 30 × 2 = 60, 60 × 2.6 = 156, 156 × 2 = 312. Missing number: 60.",02 Logical Reasoning (Analytical Ability)/03 Advance/README.md,https://github.com/rohanmistry231/CSE-Aptitude-Test-Practice-Hub
73,02 Logical Reasoning (Analytical Ability),03 Advance,hard,Series,"Find the next number: 5, 14, 41, 122, 365, ?",,,,,,,1094,"Pattern: multiply by 3 and subtract 1. 5 × 3 - 1 = 14, 14 × 3 - 1 = 41, 41 × 3 - 1 = 122, 122 × 3 - 1 = 365, 365 × 3 - 1 = 1094.",02 Logical Reasoning (Analytical Ability)/03 Advance/README.md,https://github.com/rohanmistry231/CSE-Aptitude-Test-Practice-Hub
74,02 Logical Reasoning (Analytical Ability),03 Advance,hard,Series,"Find the next number: 2, 8, 26, 80, 242, ?",,,,,,,728,"Pattern: multiply by 3 and add 2, then multiply by 3 and add 2, etc. 2 × 3 + 2 = 8, 8 × 3 + 2 = 26, 26 × 3 + 2 = 80, 80 × 3 + 2 = 242, 242 × 3 + 2 = 728.",02 Logical Reasoning (Analytical Ability)/03 Advance/README.md,https://github.com/rohanmistry231/CSE-Aptitude-Test-Practice-Hub
75,02 Logical Reasoning (Analytical Ability),03 Advance,hard,Series,"Find the missing number: 1, 6, 18, ?, 243, 1458",,,,,,,54,"Pattern: multiply by 3, then by 3, etc. 1 × 6 = 6, 6 × 3 = 18, 18 × 3 = 54, 54 × 4.5 = 243, 243 × 6 = 1458. Missing number: 54.",02 Logical Reasoning (Analytical Ability)/03 Advance/README.md,https://github.com/rohanmistry231/CSE-Aptitude-Test-Practice-Hub
76,02 Logical Reasoning (Analytical Ability),03 Advance,hard,Series,"Find the next number: 3, 9, 22, 48, 94, ?",,,,,,,187,"Differences: 6, 13, 26, 46. Pattern: double and add 1, then adjust. Next difference: 46 × 2 + 1 = 93. 94 + 93 = 187.",02 Logical Reasoning (Analytical Ability)/03 Advance/README.md,https://github.com/rohanmistry231/CSE-Aptitude-Test-Practice-Hub
77,02 Logical Reasoning (Analytical Ability),03 Advance,hard,Series,"Find the next number: 1, 5, 14, 30, 56, ?",,,,,,,94,"Pattern: differences are 4, 9, 16, 26 (add 5, 7, 10). Next difference: 26 + 12 = 38. 56 + 38 = 94.",02 Logical Reasoning (Analytical Ability)/03 Advance/README.md,https://github.com/rohanmistry231/CSE-Aptitude-Test-Practice-Hub
78,02 Logical Reasoning (Analytical Ability),03 Advance,hard,Analogies,Symphony : Orchestra :: Novel : ?,,,,,,,Writer,A symphony is created by an orchestra; a novel is created by a writer.,02 Logical Reasoning (Analytical Ability)/03 Advance/README.md,https://github.com/rohanmistry231/CSE-Aptitude-Test-Practice-Hub
79,02 Logical Reasoning (Analytical Ability),03 Advance,hard,Analogies,Compass : Navigation :: Microscope : ?,,,,,,,Observation,A compass aids navigation; a microscope aids observation.,02 Logical Reasoning (Analytical Ability)/03 Advance/README.md,https://github.com/rohanmistry231/CSE-Aptitude-Test-Practice-Hub
80,02 Logical Reasoning (Analytical Ability),03 Advance,hard,Analogies,Equation : Mathematics :: Sonata : ?,,,,,,,Music,An equation is a structure in mathematics; a sonata is a structure in music.,02 Logical Reasoning (Analytical Ability)/03 Advance/README.md,https://github.com/rohanmistry231/CSE-Aptitude-Test-Practice-Hub
81,03 Verbal Ability (English Comprehension),01 Basic,easy,Synonyms,"Choose the synonym for ""Abundant"":",Scarce,Plentiful,Limited,Rare,,,B) Plentiful,Abundant means existing in large quantities. Plentiful is the closest synonym.,03 Verbal Ability (English Comprehension)/01 Basic/README.md,https://github.com/rohanmistry231/CSE-Aptitude-Test-Practice-Hub
82,03 Verbal Ability (English Comprehension),01 Basic,easy,Synonyms,"Find the synonym for ""Candid"":",Deceptive,Honest,Reserved,Shy,,,B) Honest,Candid means truthful and straightforward. Honest is the closest synonym.,03 Verbal Ability (English Comprehension)/01 Basic/README.md,https://github.com/rohanmistry231/CSE-Aptitude-Test-Practice-Hub
83,03 Verbal Ability (English Comprehension),01 Basic,easy,Synonyms,"Synonym for ""Eloquent"":",Silent,Articulate,Hesitant,Vague,,,B) Articulate,Eloquent means fluent or persuasive in speech. Articulate is the closest synonym.,03 Verbal Ability (English Comprehension)/01 Basic/README.md,https://github.com/rohanmistry231/CSE-Aptitude-Test-Practice-Hub
84,03 Verbal Ability (English Comprehension),01 Basic,easy,Synonyms,"Choose the synonym for ""Fragile"":",Sturdy,Delicate,Strong,Robust,,,B) Delicate,Fragile means easily broken. Delicate is the closest synonym.,03 Verbal Ability (English Comprehension)/01 Basic/README.md,https://github.com/rohanmistry231/CSE-Aptitude-Test-Practice-Hub
85,03 Verbal Ability (English Comprehension),01 Basic,easy,Synonyms,"Synonym for ""Zealous"":",Indifferent,Enthusiastic,Lazy,Apathetic,,,B) Enthusiastic,Zealous means passionate or fervent. Enthusiastic is the closest synonym.,03 Verbal Ability (English Comprehension)/01 Basic/README.md,https://github.com/rohanmistry231/CSE-Aptitude-Test-Practice-Hub
86,03 Verbal Ability (English Comprehension),01 Basic,easy,Synonyms,"Find the synonym for ""Obscure"":",Clear,Hidden,Obvious,Transparent,,,B) Hidden,Obscure means unclear or concealed. Hidden is the closest synonym.,03 Verbal Ability (English Comprehension)/01 Basic/README.md,https://github.com/rohanmistry231/CSE-Aptitude-Test-Practice-Hub
87,03 Verbal Ability (English Comprehension),01 Basic,easy,Synonyms,"Synonym for ""Meticulous"":",Careless,Precise,Hasty,Negligent,,,B) Precise,Meticulous means showing great attention to detail. Precise is the closest synonym.,03 Verbal Ability (English Comprehension)/01 Basic/README.md,https://github.com/rohanmistry231/CSE-Aptitude-Test-Practice-Hub
88,03 Verbal Ability (English Comprehension),01 Basic,easy,Synonyms,"Choose the synonym for ""Vivid"":",Dull,Bright,Faint,Pale,,,B) Bright,Vivid means clear and striking. Bright is the closest synonym.,03 Verbal Ability (English Comprehension)/01 Basic/README.md,https://github.com/rohanmistry231/CSE-Aptitude-Test-Practice-Hub
89,03 Verbal Ability (English Comprehension),01 Basic,easy,Synonyms,"Synonym for ""Prudent"":",Reckless,Cautious,Impulsive,Rash,,,B) Cautious,Prudent means careful and sensible. Cautious is the closest synonym.,03 Verbal Ability (English Comprehension)/01 Basic/README.md,https://github.com/rohanmistry231/CSE-Aptitude-Test-Practice-Hub
90,03 Verbal Ability (English Comprehension),01 Basic,easy,Synonyms,"Find the synonym for ""Amicable"":",Hostile,Friendly,Cold,Distant,,,B) Friendly,Amicable means characterized by friendliness. Friendly is the closest synonym.,03 Verbal Ability (English Comprehension)/01 Basic/README.md,https://github.com/rohanmistry231/CSE-Aptitude-Test-Practice-Hub
91,03 Verbal Ability (English Comprehension),01 Basic,easy,Antonyms,"Choose the antonym for ""Big"":",Large,Small,Huge,Vast,,,B) Small,Big means large in size. Small is the opposite.,03 Verbal Ability (English Comprehension)/01 Basic/README.md,https://github.com/rohanmistry231/CSE-Aptitude-Test-Practice-Hub
92,03 Verbal Ability (English Comprehension),01 Basic,easy,Antonyms,"Find the antonym for ""Bright"":",Radiant,Dim,Shiny,Glowing,,,B) Dim,Bright means full of light. Dim means lacking light.,03 Verbal Ability (English Comprehension)/01 Basic/README.md,https://github.com/rohanmistry231/CSE-Aptitude-Test-Practice-Hub
93,03 Verbal Ability (English Comprehension),01 Basic,easy,Antonyms,"Antonym for ""Fast"":",Quick,Slow,Rapid,Swift,,,B) Slow,Fast means moving quickly. Slow is the opposite.,03 Verbal Ability (English Comprehension)/01 Basic/README.md,https://github.com/rohanmistry231/CSE-Aptitude-Test-Practice-Hub
94,03 Verbal Ability (English Comprehension),01 Basic,easy,Antonyms,"Choose the antonym for ""Happy"":",Joyful,Sad,Cheerful,Delighted,,,B) Sad,Happy means feeling pleasure. Sad is the opposite.,03 Verbal Ability (English Comprehension)/01 Basic/README.md,https://github.com/rohanmistry231/CSE-Aptitude-Test-Practice-Hub
95,03 Verbal Ability (English Comprehension),02 Intermediate,medium,Synonyms,"Choose the synonym for ""Ephemeral"":",Permanent,Transient,Enduring,Lasting,,,B) Transient,Ephemeral means short-lived. Transient is the closest synonym.,03 Verbal Ability (English Comprehension)/02 Intermediate/README.md,https://github.com/rohanmistry231/CSE-Aptitude-Test-Practice-Hub
96,03 Verbal Ability (English Comprehension),02 Intermediate,medium,Synonyms,"Find the synonym for ""Perspicuous"":",Vague,Clear,Obscure,Complex,,,B) Clear,Perspicuous means clearly expressed. Clear is the closest synonym.,03 Verbal Ability (English Comprehension)/02 Intermediate/README.md,https://github.com/rohanmistry231/CSE-Aptitude-Test-Practice-Hub
97,03 Verbal Ability (English Comprehension),02 Intermediate,medium,Synonyms,"Synonym for ""Tenacious"":",Yielding,Persistent,Weak,Flexible,,,B) Persistent,Tenacious means holding firm. Persistent is the closest synonym.,03 Verbal Ability (English Comprehension)/02 Intermediate/README.md,https://github.com/rohanmistry231/CSE-Aptitude-Test-Practice-Hub
98,03 Verbal Ability (English Comprehension),02 Intermediate,medium,Synonyms,"Choose the synonym for ""Obstreperous"":",Quiet,Noisy,Calm,Submissive,,,B) Noisy,Obstreperous means difficult to control and noisy. Noisy is the closest synonym.,03 Verbal Ability (English Comprehension)/02 Intermediate/README.md,https://github.com/rohanmistry231/CSE-Aptitude-Test-Practice-Hub
99,03 Verbal Ability (English Comprehension),02 Intermediate,medium,Synonyms,"Synonym for ""Proclivity"":",Aversion,Tendency,Dislike,Opposition,,,B) Tendency,Proclivity means a natural inclination. Tendency is the closest synonym.,03 Verbal Ability (English Comprehension)/02 Intermediate/README.md,https://github.com/rohanmistry231/CSE-Aptitude-Test-Practice-Hub
100,03 Verbal Ability (English Comprehension),02 Intermediate,medium,Synonyms,"Find the synonym for ""Ebullient"":",Depressed,Enthusiastic,Reserved,Somber,,,B) Enthusiastic,Ebullient means cheerful and full of energy. Enthusiastic is the closest synonym.,03 Verbal Ability (English Comprehension)/02 Intermediate/README.md,https://github.com/rohanmistry231/CSE-Aptitude-Test-Practice-Hub
101,03 Verbal Ability (English Comprehension),02 Intermediate,medium,Synonyms,"Synonym for ""Fastidious"":",Careless,Meticulous,Hasty,Negligent,,,B) Meticulous,Fastidious means very attentive to detail. Meticulous is the closest synonym.,03 Verbal Ability (English Comprehension)/02 Intermediate/README.md,https://github.com/rohanmistry231/CSE-Aptitude-Test-Practice-Hub
102,03 Verbal Ability (English Comprehension),02 Intermediate,medium,Synonyms,"Choose the synonym for ""Quixotic"":",Practical,Unrealistic,Sensible,Rational,,,B) Unrealistic,Quixotic means impractical or unrealistic. Unrealistic is the closest synonym.,03 Verbal Ability (English Comprehension)/02 Intermediate/README.md,https://github.com/rohanmistry231/CSE-Aptitude-Test-Practice-Hub
103,03 Verbal Ability (English Comprehension),02 Intermediate,medium,Synonyms,"Synonym for ""Sagacious"":",Foolish,Wise,Ignorant,Naive,,,B) Wise,Sagacious means having keen judgment. Wise is the closest synonym.,03 Verbal Ability (English Comprehension)/02 Intermediate/README.md,https://github.com/rohanmistry231/CSE-Aptitude-Test-Practice-Hub
104,03 Verbal Ability (English Comprehension),02 Intermediate,medium,Synonyms,"Find the synonym for ""Taciturn"":",Talkative,Reserved,Outgoing,Loquacious,,,B) Reserved,Taciturn means silent or reserved in speech. Reserved is the closest synonym.,03 Verbal Ability (English Comprehension)/02 Intermediate/README.md,https://github.com/rohanmistry231/CSE-Aptitude-Test-Practice-Hub
105,03 Verbal Ability (English Comprehension),02 Intermediate,medium,Antonyms,"Choose the antonym for ""Candid"":",Honest,Deceptive,Sincere,Open,,,B) Deceptive,"Candid means truthful. Deceptive means misleading, the opposite.",03 Verbal Ability (English Comprehension)/02 Intermediate/README.md,https://github.com/rohanmistry231/CSE-Aptitude-Test-Practice-Hub
106,03 Verbal Ability (English Comprehension),02 Intermediate,medium,Antonyms,"Find the antonym for ""Austere"":",Harsh,Luxurious,Severe,Plain,,,B) Luxurious,Austere means simple or severe. Luxurious is the opposite.,03 Verbal Ability (English Comprehension)/02 Intermediate/README.md,https://github.com/rohanmistry231/CSE-Aptitude-Test-Practice-Hub
107,03 Verbal Ability (English Comprehension),02 Intermediate,medium,Antonyms,"Antonym for ""Eminent"":",Prominent,Obscure,Notable,Distinguished,,,B) Obscure,"Eminent means well-known. Obscure means unknown, the opposite.",03 Verbal Ability (English Comprehension)/02 Intermediate/README.md,https://github.com/rohanmistry231/CSE-Aptitude-Test-Practice-Hub
108,03 Verbal Ability (English Comprehension),03 Advance,hard,Synonyms,"Choose the synonym for ""Acerbic"":",Sweet,Caustic,Mild,Gentle,,,B) Caustic,"Acerbic means sharp or biting in tone. Caustic, meaning harshly critical, is the closest synonym.",03 Verbal Ability (English Comprehension)/03 Advance/README.md,https://github.com/rohanmistry231/CSE-Aptitude-Test-Practice-Hub
109,03 Verbal Ability (English Comprehension),03 Advance,hard,Synonyms,"Find the synonym for ""Esoteric"":",Common,Arcane,Accessible,Obvious,,,B) Arcane,"Esoteric means understood by few. Arcane, meaning mysterious or secret, is the closest synonym.",03 Verbal Ability (English Comprehension)/03 Advance/README.md,https://github.com/rohanmistry231/CSE-Aptitude-Test-Practice-Hub
110,03 Verbal Ability (English Comprehension),03 Advance,hard,Synonyms,"Synonym for ""Nefarious"":",Virtuous,Wicked,Honorable,Ethical,,,B) Wicked,Nefarious means despicable or evil. Wicked is the closest synonym.,03 Verbal Ability (English Comprehension)/03 Advance/README.md,https://github.com/rohanmistry231/CSE-Aptitude-Test-Practice-Hub
111,03 Verbal Ability (English Comprehension),03 Advance,hard,Synonyms,"Choose the synonym for ""Obfuscate"":",Clarify,Confuse,Simplify,Illuminate,,,B) Confuse,Obfuscate means to make unclear. Confuse is the closest synonym.,03 Verbal Ability (English Comprehension)/03 Advance/README.md,https://github.com/rohanmistry231/CSE-Aptitude-Test-Practice-Hub
112,03 Verbal Ability (English Comprehension),03 Advance,hard,Synonyms,"Synonym for ""Propinquity"":",Distance,Proximity,Isolation,Separation,,,B) Proximity,Propinquity means nearness or kinship. Proximity is the closest synonym.,03 Verbal Ability (English Comprehension)/03 Advance/README.md,https://github.com/rohanmistry231/CSE-Aptitude-Test-Practice-Hub
113,03 Verbal Ability (English Comprehension),03 Advance,hard,Synonyms,"Find the synonym for ""Recalcitrant"":",Compliant,Defiant,Obedient,Submissive,,,B) Defiant,Recalcitrant means stubbornly resistant. Defiant is the closest synonym.,03 Verbal Ability (English Comprehension)/03 Advance/README.md,https://github.com/rohanmistry231/CSE-Aptitude-Test-Practice-Hub
114,03 Verbal Ability (English Comprehension),03 Advance,hard,Synonyms,"Synonym for ""Supercilious"":",Humble,Arrogant,Modest,Courteous,,,B) Arrogant,Supercilious means haughty or disdainful. Arrogant is the closest synonym.,03 Verbal Ability (English Comprehension)/03 Advance/README.md,https://github.com/rohanmistry231/CSE-Aptitude-Test-Practice-Hub
115,03 Verbal Ability (English Comprehension),03 Advance,hard,Synonyms,"Choose the synonym for ""Temerity"":",Caution,Audacity,Prudence,Restraint,,,B) Audacity,Temerity means reckless boldness. Audacity is the closest synonym.,03 Verbal Ability (English Comprehension)/03 Advance/README.md,https://github.com/rohanmistry231/CSE-Aptitude-Test-Practice-Hub
116,03 Verbal Ability (English Comprehension),03 Advance,hard,Synonyms,"Synonym for ""Ubiquitous"":",Rare,Omnipresent,Scarce,Limited,,,B) Omnipresent,Ubiquitous means present everywhere. Omnipresent is the closest synonym.,03 Verbal Ability (English Comprehension)/03 Advance/README.md,https://github.com/rohanmistry231/CSE-Aptitude-Test-Practice-Hub
117,03 Verbal Ability (English Comprehension),03 Advance,hard,Synonyms,"Find the synonym for ""Vituperative"":",Complimentary,Abusive,Flattering,Kind,,,B) Abusive,Vituperative means bitterly critical. Abusive is the closest synonym.,03 Verbal Ability (English Comprehension)/03 Advance/README.md,https://github.com/rohanmistry231/CSE-Aptitude-Test-Practice-Hub
118,03 Verbal Ability (English Comprehension),03 Advance,hard,Antonyms,"Choose the antonym for ""Aplomb"":",Confidence,Fluster,Poise,Assurance,,,B) Fluster,"Aplomb means self-confidence. Fluster, meaning nervous agitation, is the opposite.",03 Verbal Ability (English Comprehension)/03 Advance/README.md,https://github.com/rohanmistry231/CSE-Aptitude-Test-Practice-Hub
119,03 Verbal Ability (English Comprehension),03 Advance,hard,Antonyms,"Find the antonym for ""Cacophony"":",Discord,Harmony,Noise,Clamor,,,B) Harmony,"Cacophony means harsh sound. Harmony, meaning pleasant sound, is the opposite.",03 Verbal Ability (English Comprehension)/03 Advance/README.md,https://github.com/rohanmistry231/CSE-Aptitude-Test-Practice-Hub
120,03 Verbal Ability (English Comprehension),03 Advance,hard,Antonyms,"Antonym for ""Epiphany"":",Revelation,Ignorance,Insight,Realization,,,B) Ignorance,"Epiphany means sudden understanding. Ignorance, meaning lack of knowledge, is the opposite.",03 Verbal Ability (English Comprehension)/03 Advance/README.md,https://github.com/rohanmistry231/CSE-Aptitude-Test-Practice-Hub
121,04 Data Interpretation and Analysis,01 Basic,easy,Table-Based Questions (1–20),What is the total sales of Product A across all months?,,,,,,,1100 units,Total sales = 200 + 250 + 300 + 350 = 1100 units.,04 Data Interpretation and Analysis/01 Basic/README.md,https://github.com/rohanmistry231/CSE-Aptitude-Test-Practice-Hub
122,04 Data Interpretation and Analysis,01 Basic,easy,Table-Based Questions (1–20),Which product had the highest sales in February?,,,,,,,Product D,"Feb sales: A (250), B (180), C (120), D (280), E (270). Highest is D (280).",04 Data Interpretation and Analysis/01 Basic/README.md,https://github.com/rohanmistry231/CSE-Aptitude-Test-Practice-Hub
123,04 Data Interpretation and Analysis,01 Basic,easy,Table-Based Questions (1–20),What is the average monthly sales of Product B?,,,,,,,187.5 units,Total sales = 150 + 180 + 200 + 220 = 750. Average = 750 ÷ 4 = 187.5 units.,04 Data Interpretation and Analysis/01 Basic/README.md,https://github.com/rohanmistry231/CSE-Aptitude-Test-Practice-Hub
124,04 Data Interpretation and Analysis,01 Basic,easy,Table-Based Questions (1–20),By how much did Product C’s sales increase from Jan to Apr?,,,,,,,60 units,Increase = Apr (160) - Jan (100) = 60 units.,04 Data Interpretation and Analysis/01 Basic/README.md,https://github.com/rohanmistry231/CSE-Aptitude-Test-Practice-Hub
125,04 Data Interpretation and Analysis,01 Basic,easy,Table-Based Questions (1–20),What is the total sales of all products in March?,,,,,,,1190 units,Mar sales: A (300) + B (200) + C (140) + D (260) + E (290) = 1190 units.,04 Data Interpretation and Analysis/01 Basic/README.md,https://github.com/rohanmistry231/CSE-Aptitude-Test-Practice-Hub
126,04 Data Interpretation and Analysis,01 Basic,easy,Table-Based Questions (1–20),Which product had the lowest sales in April?,,,,,,,Product C,"Apr sales: A (350), B (220), C (160), D (240), E (310). Lowest is C (160).",04 Data Interpretation and Analysis/01 Basic/README.md,https://github.com/rohanmistry231/CSE-Aptitude-Test-Practice-Hub
127,04 Data Interpretation and Analysis,01 Basic,easy,Table-Based Questions (1–20),What is the percentage increase in Product A’s sales from Jan to Feb?,,,,,,,25%,Increase = 250 - 200 = 50. % Increase = (50 ÷ 200) × 100 = 25%.,04 Data Interpretation and Analysis/01 Basic/README.md,https://github.com/rohanmistry231/CSE-Aptitude-Test-Practice-Hub
128,04 Data Interpretation and Analysis,01 Basic,easy,Table-Based Questions (1–20),What is the ratio of Product B’s sales in Feb to Mar?,,,,,,,9 : 10,Feb (180) : Mar (200) = 180 : 200 = 9 : 10.,04 Data Interpretation and Analysis/01 Basic/README.md,https://github.com/rohanmistry231/CSE-Aptitude-Test-Practice-Hub
129,04 Data Interpretation and Analysis,01 Basic,easy,Table-Based Questions (1–20),What is the total sales of Products D and E in Jan?,,,,,,,550 units,Jan sales: D (300) + E (250) = 550 units.,04 Data Interpretation and Analysis/01 Basic/README.md,https://github.com/rohanmistry231/CSE-Aptitude-Test-Practice-Hub
130,04 Data Interpretation and Analysis,01 Basic,easy,Table-Based Questions (1–20),Which month had the highest total sales?,,,,,,,April,"Total sales: Jan (1000), Feb (1100), Mar (1190), Apr (1280). Highest is Apr. **Table 2: Number of Students in Five Classes (A–E) in Two Years** | Class | 2022 | 2023 | |-------|------|------| | A     | 40   | 50   | | B     | 30   | 35   | | C     | 50   | 45   | | D     | 60   | 70   | | E     | 20   | 25   |",04 Data Interpretation and Analysis/01 Basic/README.md,https://github.com/rohanmistry231/CSE-Aptitude-Test-Practice-Hub
131,04 Data Interpretation and Analysis,01 Basic,easy,Table-Based Questions (1–20),What is the total number of students in Class D across both years?,,,,,,,130 students,Total = 60 + 70 = 130 students.,04 Data Interpretation and Analysis/01 Basic/README.md,https://github.com/rohanmistry231/CSE-Aptitude-Test-Practice-Hub
132,04 Data Interpretation and Analysis,01 Basic,easy,Table-Based Questions (1–20),Which class had the highest number of students in 2023?,,,,,,,Class D,"2023: A (50), B (35), C (45), D (70), E (25). Highest is D (70).",04 Data Interpretation and Analysis/01 Basic/README.md,https://github.com/rohanmistry231/CSE-Aptitude-Test-Practice-Hub
133,04 Data Interpretation and Analysis,01 Basic,easy,Table-Based Questions (1–20),What is the average number of students in Class A over the two years?,,,,,,,45 students,Total = 40 + 50 = 90. Average = 90 ÷ 2 = 45 students.,04 Data Interpretation and Analysis/01 Basic/README.md,https://github.com/rohanmistry231/CSE-Aptitude-Test-Practice-Hub
134,04 Data Interpretation and Analysis,01 Basic,easy,Table-Based Questions (1–20),By how much did Class B’s student count increase from 2022 to 2023?,,,,,,,5 students,Increase = 35 - 30 = 5 students.,04 Data Interpretation and Analysis/01 Basic/README.md,https://github.com/rohanmistry231/CSE-Aptitude-Test-Practice-Hub
135,04 Data Interpretation and Analysis,02 Intermediate,medium,Table-Based Questions (1–20),What is the total annual revenue of Store W in 2023?,,,,,,,"$1,100,000","Total = 200 + 250 + 300 + 350 = 1100 ($1000) = $1,100,000.",04 Data Interpretation and Analysis/02 Intermediate/README.md,https://github.com/rohanmistry231/CSE-Aptitude-Test-Practice-Hub
136,04 Data Interpretation and Analysis,02 Intermediate,medium,Table-Based Questions (1–20),Which store had the highest revenue in Q3?,,,,,,,Store W,"Q3: W (300), X (240), Y (170), Z (240). Highest is W (300).",04 Data Interpretation and Analysis/02 Intermediate/README.md,https://github.com/rohanmistry231/CSE-Aptitude-Test-Practice-Hub
137,04 Data Interpretation and Analysis,02 Intermediate,medium,Table-Based Questions (1–20),What is the average quarterly revenue of Store X?,,,,,,,"$225,000","Total = 180 + 210 + 240 + 270 = 900. Average = 900 ÷ 4 = 225 ($1000) = $225,000.",04 Data Interpretation and Analysis/02 Intermediate/README.md,https://github.com/rohanmistry231/CSE-Aptitude-Test-Practice-Hub
138,04 Data Interpretation and Analysis,02 Intermediate,medium,Table-Based Questions (1–20),What is the percentage growth in Store Y’s revenue from Q1 to Q4?,,,,,,,20%,Increase = 180 - 150 = 30. % Growth = (30 ÷ 150) × 100 = 20%.,04 Data Interpretation and Analysis/02 Intermediate/README.md,https://github.com/rohanmistry231/CSE-Aptitude-Test-Practice-Hub
139,04 Data Interpretation and Analysis,02 Intermediate,medium,Table-Based Questions (1–20),What is the total revenue of all stores in Q2?,,,,,,,"$850,000","Q2: W (250) + X (210) + Y (160) + Z (230) = 850 ($1000) = $850,000.",04 Data Interpretation and Analysis/02 Intermediate/README.md,https://github.com/rohanmistry231/CSE-Aptitude-Test-Practice-Hub
140,04 Data Interpretation and Analysis,02 Intermediate,medium,Table-Based Questions (1–20),What is the ratio of Store Z’s revenue in Q1 to Q4?,,,,,,,22 : 25,Q1 (220) : Q4 (250) = 220 : 250 = 22 : 25.,04 Data Interpretation and Analysis/02 Intermediate/README.md,https://github.com/rohanmistry231/CSE-Aptitude-Test-Practice-Hub
141,04 Data Interpretation and Analysis,02 Intermediate,medium,Table-Based Questions (1–20),By how much did Store W’s revenue exceed Store X’s in Q4?,,,,,,,"$80,000","W (350) - X (270) = 80 ($1000) = $80,000.",04 Data Interpretation and Analysis/02 Intermediate/README.md,https://github.com/rohanmistry231/CSE-Aptitude-Test-Practice-Hub
142,04 Data Interpretation and Analysis,02 Intermediate,medium,Table-Based Questions (1–20),Which store showed the highest percentage growth from Q1 to Q2?,,,,,,,Store W,W: (250 - 200) ÷ 200 × 100 = 25%. X: (210 - 180) ÷ 180 × 100 ≈ 16.67%. Y: (160 - 150) ÷ 150 × 100 ≈ 6.67%. Z: (230 - 220) ÷ 220 × 100 ≈ 4.55%. Highest is W.,04 Data Interpretation and Analysis/02 Intermediate/README.md,https://github.com/rohanmistry231/CSE-Aptitude-Test-Practice-Hub
143,04 Data Interpretation and Analysis,02 Intermediate,medium,Table-Based Questions (1–20),What is the combined revenue of Stores W and Y in Q3?,,,,,,,"$470,000","W (300) + Y (170) = 470 ($1000) = $470,000.",04 Data Interpretation and Analysis/02 Intermediate/README.md,https://github.com/rohanmistry231/CSE-Aptitude-Test-Practice-Hub
144,04 Data Interpretation and Analysis,02 Intermediate,medium,Table-Based Questions (1–20),Which quarter had the lowest total revenue across all stores?,,,,,,,Q1,"Q1: 200 + 180 + 150 + 220 = 750. Q2: 250 + 210 + 160 + 230 = 850. Q3: 300 + 240 + 170 + 240 = 950. Q4: 350 + 270 + 180 + 250 = 1050 ($1000). Lowest is Q1 ($750,000). **Table 2: Employees in Three Departments Across Two Branches** | Department | Branch A (2022) | Branch A (2023) | Branch B (2022) | Branch B (2023) | |------------|-----------------|-----------------|-----------------|-----------------| | HR         | 20              | 25              | 15              | 18              | | IT         | 50              | 60              | 40              | 45              | | Sales      | 30              | 35              | 25              | 30              |",04 Data Interpretation and Analysis/02 Intermediate/README.md,https://github.com/rohanmistry231/CSE-Aptitude-Test-Practice-Hub
145,04 Data Interpretation and Analysis,02 Intermediate,medium,Table-Based Questions (1–20),What is the total number of employees in Branch A in 2023?,,,,,,,120 employees,Total = 25 + 60 + 35 = 120 employees.,04 Data Interpretation and Analysis/02 Intermediate/README.md,https://github.com/rohanmistry231/CSE-Aptitude-Test-Practice-Hub
146,04 Data Interpretation and Analysis,02 Intermediate,medium,Table-Based Questions (1–20),Which department in Branch B had the highest growth from 2022 to 2023?,,,,,,,HR or Sales,HR: (18 - 15) ÷ 15 × 100 = 20%. IT: (45 - 40) ÷ 40 × 100 = 12.5%. Sales: (30 - 25) ÷ 25 × 100 = 20%. HR and Sales tie for highest.,04 Data Interpretation and Analysis/02 Intermediate/README.md,https://github.com/rohanmistry231/CSE-Aptitude-Test-Practice-Hub
147,04 Data Interpretation and Analysis,02 Intermediate,medium,Table-Based Questions (1–20),What is the average number of IT employees across both branches in 2022?,,,,,,,45 employees,Total = 50 (A) + 40 (B) = 90. Average = 90 ÷ 2 = 45 employees.,04 Data Interpretation and Analysis/02 Intermediate/README.md,https://github.com/rohanmistry231/CSE-Aptitude-Test-Practice-Hub
148,04 Data Interpretation and Analysis,03 Advance,hard,Multiple Table-Based Questions (1–20),What is the total revenue from Product X in Region A in 2023?,,,,,,,"$600,000","Sales = 600 ($1000) = 600,000. Units = 600,000 ÷ 15 = 40,000. Revenue = 40,000 × 15 = $600,000.",04 Data Interpretation and Analysis/03 Advance/README.md,https://github.com/rohanmistry231/CSE-Aptitude-Test-Practice-Hub
149,04 Data Interpretation and Analysis,03 Advance,hard,Multiple Table-Based Questions (1–20),Which product had the highest revenue in Region B in 2022?,,,,,,,Product X,"X: 450,000 ÷ 12 = 37,500 units × 12 = $450,000. Y: 270,000 ÷ 9 = 30,000 units × 9 = $270,000. Z: 180,000 ÷ 6 = 30,000 units × 6 = $180,000. Highest is X.",04 Data Interpretation and Analysis/03 Advance/README.md,https://github.com/rohanmistry231/CSE-Aptitude-Test-Practice-Hub
150,04 Data Interpretation and Analysis,03 Advance,hard,Multiple Table-Based Questions (1–20),What is the compound annual growth rate (CAGR) of Product Y’s sales in Region A from 2021 to 2023?,,,,,,,8.01%,"Initial (2021) = 300 ($1000), Final (2023) = 350 ($1000). CAGR = [(350 ÷ 300)^(1/2) - 1] × 100 ≈ [(1.1667)^0.5 - 1] × 100 ≈ 8.01%.",04 Data Interpretation and Analysis/03 Advance/README.md,https://github.com/rohanmistry231/CSE-Aptitude-Test-Practice-Hub
151,04 Data Interpretation and Analysis,03 Advance,hard,Multiple Table-Based Questions (1–20),"What is the weighted average unit price of all products in 2022, weighted by units sold in Region A?",,,,,,,$9.26,"Units X: 550,000 ÷ 12 ≈ 45,833. Y: 320,000 ÷ 9 ≈ 35,556. Z: 220,000 ÷ 6 ≈ 36,667. Total units = 45,833 + 35,556 + 36,667 ≈ 118,056. Weighted price = [(45,833 × 12) + (35,556 × 9) + (36,667 × 6)] ÷ 118,056 ≈ $9.26.",04 Data Interpretation and Analysis/03 Advance/README.md,https://github.com/rohanmistry231/CSE-Aptitude-Test-Practice-Hub
152,04 Data Interpretation and Analysis,03 Advance,hard,Multiple Table-Based Questions (1–20),What is the total revenue across both regions for Product Z in 2021?,,,,,,,"$350,000","A: 200,000 ÷ 5 = 40,000 units × 5 = $200,000. B: 150,000 ÷ 5 = 30,000 units × 5 = $150,000. Total = 200,000 + 150,000 = $350,000.",04 Data Interpretation and Analysis/03 Advance/README.md,https://github.com/rohanmistry231/CSE-Aptitude-Test-Practice-Hub
153,04 Data Interpretation and Analysis,03 Advance,hard,Multiple Table-Based Questions (1–20),What is the percentage contribution of Product X to total revenue in Region B in 2023?,,,,,,,50%,"X: 500,000 ÷ 15 ≈ 33,333 units × 15 = $500,000. Y: 300,000 ÷ 10 = 30,000 units × 10 = $300,000. Z: 200,000 ÷ 7 ≈ 28,571 units × 7 ≈ $200,000. Total = 500,000 + 300,000 + 200,000 = $1,000,000. % X = (500,000 ÷ 1,000,000) × 100 = 50%.",04 Data Interpretation and Analysis/03 Advance/README.md,https://github.com/rohanmistry231/CSE-Aptitude-Test-Practice-Hub
154,04 Data Interpretation and Analysis,03 Advance,hard,Multiple Table-Based Questions (1–20),What is the ratio of units sold of Product Y in Region A to Region B in 2022?,,,,,,,119 : 100,"A: 320,000 ÷ 9 ≈ 35,556 units. B: 270,000 ÷ 9 = 30,000 units. Ratio = 35,556 : 30,000 ≈ 1.19 : 1 ≈ 119 : 100.",04 Data Interpretation and Analysis/03 Advance/README.md,https://github.com/rohanmistry231/CSE-Aptitude-Test-Practice-Hub
155,04 Data Interpretation and Analysis,03 Advance,hard,Multiple Table-Based Questions (1–20),Which region showed the highest revenue growth for Product Z from 2021 to 2023?,,,,,,,Region B,"A: 2021: 200,000, 2023: 250,000. % Growth = (50 ÷ 200) × 100 = 25%. B: 2021: 150,000, 2023: 200,000. % Growth = (50 ÷ 150) × 100 ≈ 33.33%. B is higher.",04 Data Interpretation and Analysis/03 Advance/README.md,https://github.com/rohanmistry231/CSE-Aptitude-Test-Practice-Hub
156,04 Data Interpretation and Analysis,03 Advance,hard,Multiple Table-Based Questions (1–20),What is the total revenue of all products in Region A in 2022?,,,,,,,"$1,090,000","X: 550,000. Y: 320,000. Z: 220,000. Total = 550,000 + 320,000 + 220,000 = $1,090,000.",04 Data Interpretation and Analysis/03 Advance/README.md,https://github.com/rohanmistry231/CSE-Aptitude-Test-Practice-Hub
157,04 Data Interpretation and Analysis,03 Advance,hard,Multiple Table-Based Questions (1–20),What is the percentage increase in unit price of Product X from 2021 to 2023?,,,,,,,50%,"Increase = 15 - 10 = 5. % Increase = (5 ÷ 10) × 100 = 50%. **Table 3: Production Costs ($ per unit) and Units Produced (2021–2023)** | Product | Cost (2021) | Cost (2022) | Cost (2023) | Units (2021) | Units (2022) | Units (2023) | |---------|-------------|-------------|-------------|--------------|--------------|--------------| | P       | 4           | 5           | 6           | 20,000       | 22,000       | 25,000       | | Q       | 6           | 7           | 8           | 15,000       | 18,000       | 20,000       |",04 Data Interpretation and Analysis/03 Advance/README.md,https://github.com/rohanmistry231/CSE-Aptitude-Test-Practice-Hub
158,04 Data Interpretation and Analysis,03 Advance,hard,Multiple Table-Based Questions (1–20),What is the total production cost of Product P in 2022?,,,,,,,"$110,000","Cost = 22,000 × 5 = $110,000.",04 Data Interpretation and Analysis/03 Advance/README.md,https://github.com/rohanmistry231/CSE-Aptitude-Test-Practice-Hub
159,04 Data Interpretation and Analysis,03 Advance,hard,Multiple Table-Based Questions (1–20),What is the percentage increase in production cost per unit for Product Q from 2021 to 2023?,,,,,,,33.33%,Increase = 8 - 6 = 2. % Increase = (2 ÷ 6) × 100 ≈ 33.33%.,04 Data Interpretation and Analysis/03 Advance/README.md,https://github.com/rohanmistry231/CSE-Aptitude-Test-Practice-Hub
160,04 Data Interpretation and Analysis,03 Advance,hard,Multiple Table-Based Questions (1–20),What is the total cost of producing both products in 2023?,,,,,,,"$310,000","P: 25,000 × 6 = $150,000. Q: 20,000 × 8 = $160,000. Total = 150,000 + 160,000 = $310,000.",04 Data Interpretation and Analysis/03 Advance/README.md,https://github.com/rohanmistry231/CSE-Aptitude-Test-Practice-Hub
161,05 Abstract Reasoning (Non-Verbal Reasoning),01 Basic,easy,Number Sequence Questions (1–20),"Find the next number in the sequence: 2, 4, 6, 8, __",,,,,,,10,"Each number increases by 2 (arithmetic sequence): 2 + 2 = 4, 4 + 2 = 6, 6 + 2 = 8. Next: 8 + 2 = 10.",05 Abstract Reasoning (Non-Verbal Reasoning)/01 Basic/README.md,https://github.com/rohanmistry231/CSE-Aptitude-Test-Practice-Hub
162,05 Abstract Reasoning (Non-Verbal Reasoning),01 Basic,easy,Number Sequence Questions (1–20),"Find the next number: 1, 3, 9, 27, __",,,,,,,81,"Each number is multiplied by 3 (geometric sequence): 1 × 3 = 3, 3 × 3 = 9, 9 × 3 = 27. Next: 27 × 3 = 81.",05 Abstract Reasoning (Non-Verbal Reasoning)/01 Basic/README.md,https://github.com/rohanmistry231/CSE-Aptitude-Test-Practice-Hub
163,05 Abstract Reasoning (Non-Verbal Reasoning),01 Basic,easy,Number Sequence Questions (1–20),"Find the next number: 5, 10, 15, 20, __",,,,,,,25,"Each number increases by 5: 5 + 5 = 10, 10 + 5 = 15, 15 + 5 = 20. Next: 20 + 5 = 25.",05 Abstract Reasoning (Non-Verbal Reasoning)/01 Basic/README.md,https://github.com/rohanmistry231/CSE-Aptitude-Test-Practice-Hub
164,05 Abstract Reasoning (Non-Verbal Reasoning),01 Basic,easy,Number Sequence Questions (1–20),"Find the next number: 1, 4, 16, 64, __",,,,,,,256,"Each number is multiplied by 4: 1 × 4 = 4, 4 × 4 = 16, 16 × 4 = 64. Next: 64 × 4 = 256.",05 Abstract Reasoning (Non-Verbal Reasoning)/01 Basic/README.md,https://github.com/rohanmistry231/CSE-Aptitude-Test-Practice-Hub
165,05 Abstract Reasoning (Non-Verbal Reasoning),01 Basic,easy,Number Sequence Questions (1–20),"Find the next number: 3, 6, 12, 24, __",,,,,,,48,"Each number is multiplied by 2: 3 × 2 = 6, 6 × 2 = 12, 12 × 2 = 24. Next: 24 × 2 = 48.",05 Abstract Reasoning (Non-Verbal Reasoning)/01 Basic/README.md,https://github.com/rohanmistry231/CSE-Aptitude-Test-Practice-Hub
166,05 Abstract Reasoning (Non-Verbal Reasoning),01 Basic,easy,Number Sequence Questions (1–20),"Find the next number: 10, 9, 8, 7, __",,,,,,,6,"Each number decreases by 1: 10 - 1 = 9, 9 - 1 = 8, 8 - 1 = 7. Next: 7 - 1 = 6.",05 Abstract Reasoning (Non-Verbal Reasoning)/01 Basic/README.md,https://github.com/rohanmistry231/CSE-Aptitude-Test-Practice-Hub
167,05 Abstract Reasoning (Non-Verbal Reasoning),01 Basic,easy,Number Sequence Questions (1–20),"Find the next number: 2, 5, 8, 11, __",,,,,,,14,"Each number increases by 3: 2 + 3 = 5, 5 + 3 = 8, 8 + 3 = 11. Next: 11 + 3 = 14.",05 Abstract Reasoning (Non-Verbal Reasoning)/01 Basic/README.md,https://github.com/rohanmistry231/CSE-Aptitude-Test-Practice-Hub
168,05 Abstract Reasoning (Non-Verbal Reasoning),01 Basic,easy,Number Sequence Questions (1–20),"Find the next number: 1, 2, 4, 8, __",,,,,,,16,"Each number is multiplied by 2: 1 × 2 = 2, 2 × 2 = 4, 4 × 2 = 8. Next: 8 × 2 = 16.",05 Abstract Reasoning (Non-Verbal Reasoning)/01 Basic/README.md,https://github.com/rohanmistry231/CSE-Aptitude-Test-Practice-Hub
169,05 Abstract Reasoning (Non-Verbal Reasoning),01 Basic,easy,Number Sequence Questions (1–20),"Find the next number: 100, 90, 80, 70, __",,,,,,,60,"Each number decreases by 10: 100 - 10 = 90, 90 - 10 = 80, 80 - 10 = 70. Next: 70 - 10 = 60.",05 Abstract Reasoning (Non-Verbal Reasoning)/01 Basic/README.md,https://github.com/rohanmistry231/CSE-Aptitude-Test-Practice-Hub
170,05 Abstract Reasoning (Non-Verbal Reasoning),01 Basic,easy,Number Sequence Questions (1–20),"Find the next number: 1, 5, 25, 125, __",,,,,,,625,"Each number is multiplied by 5: 1 × 5 = 5, 5 × 5 = 25, 25 × 5 = 125. Next: 125 × 5 = 625.",05 Abstract Reasoning (Non-Verbal Reasoning)/01 Basic/README.md,https://github.com/rohanmistry231/CSE-Aptitude-Test-Practice-Hub
171,05 Abstract Reasoning (Non-Verbal Reasoning),01 Basic,easy,Number Sequence Questions (1–20),"Find the next number: 4, 8, 12, 16, __",,,,,,,20,"Each number increases by 4: 4 + 4 = 8, 8 + 4 = 12, 12 + 4 = 16. Next: 16 + 4 = 20.",05 Abstract Reasoning (Non-Verbal Reasoning)/01 Basic/README.md,https://github.com/rohanmistry231/CSE-Aptitude-Test-Practice-Hub
172,05 Abstract Reasoning (Non-Verbal Reasoning),01 Basic,easy,Number Sequence Questions (1–20),"Find the next number: 2, 6, 18, 54, __",,,,,,,162,"Each number is multiplied by 3: 2 × 3 = 6, 6 × 3 = 18, 18 × 3 = 54. Next: 54 × 3 = 162.",05 Abstract Reasoning (Non-Verbal Reasoning)/01 Basic/README.md,https://github.com/rohanmistry231/CSE-Aptitude-Test-Practice-Hub
173,05 Abstract Reasoning (Non-Verbal Reasoning),01 Basic,easy,Number Sequence Questions (1–20),"Find the next number: 7, 14, 21, 28, __",,,,,,,35,"Each number increases by 7: 7 + 7 = 14, 14 + 7 = 21, 21 + 7 = 28. Next: 28 + 7 = 35.",05 Abstract Reasoning (Non-Verbal Reasoning)/01 Basic/README.md,https://github.com/rohanmistry231/CSE-Aptitude-Test-Practice-Hub
174,05 Abstract Reasoning (Non-Verbal Reasoning),01 Basic,easy,Number Sequence Questions (1–20),"Find the next number: 3, 9, 27, 81, __",,,,,,,243,"Each number is multiplied by 3: 3 × 3 = 9, 9 × 3 = 27, 27 × 3 = 81. Next: 81 × 3 = 243.",05 Abstract Reasoning (Non-Verbal Reasoning)/01 Basic/README.md,https://github.com/rohanmistry231/CSE-Aptitude-Test-Practice-Hub
175,05 Abstract Reasoning (Non-Verbal Reasoning),02 Intermediate,medium,Number Sequence Questions (1–20),"Find the next number: 1, 3, 6, 10, 15, __",,,,,,,21,"Differences: 3 - 1 = 2, 6 - 3 = 3, 10 - 6 = 4, 15 - 10 = 5. Differences increase by 1. Next difference = 6. Next: 15 + 6 = 21.",05 Abstract Reasoning (Non-Verbal Reasoning)/02 Intermediate/README.md,https://github.com/rohanmistry231/CSE-Aptitude-Test-Practice-Hub
176,05 Abstract Reasoning (Non-Verbal Reasoning),02 Intermediate,medium,Number Sequence Questions (1–20),"Find the next number: 2, 5, 11, 23, 47, __",,,,,,,95,"Each number is obtained by doubling the previous and adding 1: 2 × 2 + 1 = 5, 5 × 2 + 1 = 11, 11 × 2 + 1 = 23, 23 × 2 + 1 = 47. Next: 47 × 2 + 1 = 95.",05 Abstract Reasoning (Non-Verbal Reasoning)/02 Intermediate/README.md,https://github.com/rohanmistry231/CSE-Aptitude-Test-Practice-Hub
177,05 Abstract Reasoning (Non-Verbal Reasoning),02 Intermediate,medium,Number Sequence Questions (1–20),"Find the next number: 1, 4, 10, 22, 46, __",,,,,,,94,"Each number is obtained by doubling the previous and adding a sequence of 2, 2, 2, 2, ...: 1 × 2 + 2 = 4, 4 × 2 + 2 = 10, 10 × 2 + 2 = 22, 22 × 2 + 2 = 46. Next: 46 × 2 + 2 = 94.",05 Abstract Reasoning (Non-Verbal Reasoning)/02 Intermediate/README.md,https://github.com/rohanmistry231/CSE-Aptitude-Test-Practice-Hub
178,05 Abstract Reasoning (Non-Verbal Reasoning),02 Intermediate,medium,Number Sequence Questions (1–20),"Find the next number: 3, 6, 12, 21, 33, __",,,,,,,48,"Differences: 3, 6, 9, 12. Differences increase by 3. Next difference = 15. Next: 33 + 15 = 48.",05 Abstract Reasoning (Non-Verbal Reasoning)/02 Intermediate/README.md,https://github.com/rohanmistry231/CSE-Aptitude-Test-Practice-Hub
179,05 Abstract Reasoning (Non-Verbal Reasoning),02 Intermediate,medium,Number Sequence Questions (1–20),"Find the next number: 2, 8, 18, 32, 50, __",,,,,,,72,"Numbers follow: 1² + 1, 2² + 4, 3² + 9, 4² + 16, 5² + 25. Next: 6² + 36 = 36 + 36 = 72.",05 Abstract Reasoning (Non-Verbal Reasoning)/02 Intermediate/README.md,https://github.com/rohanmistry231/CSE-Aptitude-Test-Practice-Hub
180,05 Abstract Reasoning (Non-Verbal Reasoning),02 Intermediate,medium,Number Sequence Questions (1–20),"Find the next number: 100, 96, 88, 76, 60, __",,,,,,,40,"Differences: -4, -8, -12, -16. Differences decrease by 4. Next difference = -20. Next: 60 - 20 = 40.",05 Abstract Reasoning (Non-Verbal Reasoning)/02 Intermediate/README.md,https://github.com/rohanmistry231/CSE-Aptitude-Test-Practice-Hub
181,05 Abstract Reasoning (Non-Verbal Reasoning),02 Intermediate,medium,Number Sequence Questions (1–20),"Find the next number: 1, 2, 6, 24, 120, __",,,,,,,720,"Each number is multiplied by increasing integers: 1 × 1 = 1, 1 × 2 = 2, 2 × 3 = 6, 6 × 4 = 24, 24 × 5 = 120. Next: 120 × 6 = 720.",05 Abstract Reasoning (Non-Verbal Reasoning)/02 Intermediate/README.md,https://github.com/rohanmistry231/CSE-Aptitude-Test-Practice-Hub
182,05 Abstract Reasoning (Non-Verbal Reasoning),02 Intermediate,medium,Number Sequence Questions (1–20),"Find the next number: 5, 7, 11, 19, 35, __",,,,,,,67,"Each number is obtained by adding increasing primes: 5 + 2 = 7, 7 + 4 = 11, 11 + 8 = 19, 19 + 16 = 35. Next prime = 5 (doubled: 32). Next: 35 + 32 = 67.",05 Abstract Reasoning (Non-Verbal Reasoning)/02 Intermediate/README.md,https://github.com/rohanmistry231/CSE-Aptitude-Test-Practice-Hub
183,05 Abstract Reasoning (Non-Verbal Reasoning),02 Intermediate,medium,Number Sequence Questions (1–20),"Find the next number: 4, 9, 25, 64, 144, __",,,,,,,289,"Numbers are: 2², 3², 5², 8², 12². Bases: 2, 3, 5, 8, 12. Differences: 1, 2, 3, 4. Next base = 12 + 5 = 17. Next: 17² = 289.",05 Abstract Reasoning (Non-Verbal Reasoning)/02 Intermediate/README.md,https://github.com/rohanmistry231/CSE-Aptitude-Test-Practice-Hub
184,05 Abstract Reasoning (Non-Verbal Reasoning),02 Intermediate,medium,Number Sequence Questions (1–20),"Find the next number: 1, 5, 14, 30, 54, __",,,,,,,86,"Differences: 4, 9, 16, 24. Second differences: 5, 7, 8. Next second difference ≈ 8. Next difference = 24 + 8 = 32. Next: 54 + 32 = 86.",05 Abstract Reasoning (Non-Verbal Reasoning)/02 Intermediate/README.md,https://github.com/rohanmistry231/CSE-Aptitude-Test-Practice-Hub
185,05 Abstract Reasoning (Non-Verbal Reasoning),02 Intermediate,medium,Number Sequence Questions (1–20),"Find the next number: 3, 12, 27, 48, 75, __",,,,,,,108,"Numbers are: 1 × 3, 2 × 6, 3 × 9, 4 × 12, 5 × 15. Multipliers: 3, 6, 9, 12, 15 (+3). Next: 6 × 18 = 108.",05 Abstract Reasoning (Non-Verbal Reasoning)/02 Intermediate/README.md,https://github.com/rohanmistry231/CSE-Aptitude-Test-Practice-Hub
186,05 Abstract Reasoning (Non-Verbal Reasoning),02 Intermediate,medium,Number Sequence Questions (1–20),"Find the next number: 2, 3, 7, 22, 78, __",,,,,,,391,"Each number is obtained by multiplying by increasing integers and adding 1: 2 × 1 + 1 = 3, 3 × 2 + 1 = 7, 7 × 3 + 1 = 22, 22 × 4 + 1 = 89. Next: 78 × 5 + 1 = 391.",05 Abstract Reasoning (Non-Verbal Reasoning)/02 Intermediate/README.md,https://github.com/rohanmistry231/CSE-Aptitude-Test-Practice-Hub
187,05 Abstract Reasoning (Non-Verbal Reasoning),02 Intermediate,medium,Number Sequence Questions (1–20),"Find the next number: 10, 20, 35, 55, 80, __",,,,,,,110,"Differences: 10, 15, 20, 25. Differences increase by 5. Next difference = 30. Next: 80 + 30 = 110.",05 Abstract Reasoning (Non-Verbal Reasoning)/02 Intermediate/README.md,https://github.com/rohanmistry231/CSE-Aptitude-Test-Practice-Hub
188,05 Abstract Reasoning (Non-Verbal Reasoning),03 Advance,hard,Number Sequence Questions (1–20),"Find the next number: 1, 2, 6, 24, 120, 720, __",,,,,,,5040,"Each number is multiplied by increasing integers (factorial): 1 × 1 = 1, 1 × 2 = 2, 2 × 3 = 6, 6 × 4 = 24, 24 × 5 = 120, 120 × 6 = 720. Next: 720 × 7 = 5040.",05 Abstract Reasoning (Non-Verbal Reasoning)/03 Advance/README.md,https://github.com/rohanmistry231/CSE-Aptitude-Test-Practice-Hub
189,05 Abstract Reasoning (Non-Verbal Reasoning),03 Advance,hard,Number Sequence Questions (1–20),"Find the next number: 3, 7, 18, 44, 94, 182, __",,,,,,,330,"Differences: 4, 11, 26, 50, 88. Second differences: 7, 15, 24, 38. Third differences: 8, 9, 14. Next third difference ≈ 22. Second difference = 38 + 22 = 60. First difference = 88 + 60 = 148. Next: 182 + 148 = 330.",05 Abstract Reasoning (Non-Verbal Reasoning)/03 Advance/README.md,https://github.com/rohanmistry231/CSE-Aptitude-Test-Practice-Hub
190,05 Abstract Reasoning (Non-Verbal Reasoning),03 Advance,hard,Number Sequence Questions (1–20),"Find the next number: 2, 5, 14, 41, 122, 365, __",,,,,,,1094,"Each number is multiplied by 3 and subtracted by 1: 2 × 3 - 1 = 5, 5 × 3 - 1 = 14, 14 × 3 - 1 = 41, 41 × 3 - 1 = 122, 122 × 3 - 1 = 365. Next: 365 × 3 - 1 = 1094.",05 Abstract Reasoning (Non-Verbal Reasoning)/03 Advance/README.md,https://github.com/rohanmistry231/CSE-Aptitude-Test-Practice-Hub
191,05 Abstract Reasoning (Non-Verbal Reasoning),03 Advance,hard,Number Sequence Questions (1–20),"Find the next number: 1, 4, 13, 40, 121, 364, __",,,,,,,1093,"Each number is multiplied by 3 and increased by 1: 1 × 3 + 1 = 4, 4 × 3 + 1 = 13, 13 × 3 + 1 = 40, 40 × 3 + 1 = 121, 121 × 3 + 1 = 364. Next: 364 × 3 + 1 = 1093.",05 Abstract Reasoning (Non-Verbal Reasoning)/03 Advance/README.md,https://github.com/rohanmistry231/CSE-Aptitude-Test-Practice-Hub
192,05 Abstract Reasoning (Non-Verbal Reasoning),03 Advance,hard,Number Sequence Questions (1–20),"Find the next number: 5, 10, 22, 49, 103, 208, __",,,,,,,421,"Each number is approximately doubled and increased by a sequence: 5 × 2 = 10, 10 × 2 + 2 = 22, 22 × 2 + 5 = 49, 49 × 2 + 5 = 103, 103 × 2 + 2 = 208. Pattern alternates +2, +5. Next: 208 × 2 + 5 = 421.",05 Abstract Reasoning (Non-Verbal Reasoning)/03 Advance/README.md,https://github.com/rohanmistry231/CSE-Aptitude-Test-Practice-Hub
193,05 Abstract Reasoning (Non-Verbal Reasoning),03 Advance,hard,Number Sequence Questions (1–20),"Find the next number: 100, 95, 85, 70, 50, 25, __",,,,,,,-5,"Differences: -5, -10, -15, -20, -25. Differences decrease by 5. Next difference = -30. Next: 25 - 30 = -5.",05 Abstract Reasoning (Non-Verbal Reasoning)/03 Advance/README.md,https://github.com/rohanmistry231/CSE-Aptitude-Test-Practice-Hub
194,05 Abstract Reasoning (Non-Verbal Reasoning),03 Advance,hard,Number Sequence Questions (1–20),"Find the next number: 2, 6, 15, 31, 56, 92, __",,,,,,,141,"Differences: 4, 9, 16, 25, 36 (squares: 2², 3², 4², 5², 6²). Next difference = 7² = 49. Next: 92 + 49 = 141.",05 Abstract Reasoning (Non-Verbal Reasoning)/03 Advance/README.md,https://github.com/rohanmistry231/CSE-Aptitude-Test-Practice-Hub
195,05 Abstract Reasoning (Non-Verbal Reasoning),03 Advance,hard,Number Sequence Questions (1–20),"Find the next number: 1, 3, 10, 32, 94, 250, __",,,,,,,812,"Each number follows: 1 × 3 - 0 = 3, 3 × 3 + 1 = 10, 10 × 3 + 2 = 32, 32 × 3 - 2 = 94, 94 × 3 - 32 = 250. Additions/subtractions: 0, +1, +2, -2, -32. Next: +62 (alternating signs, squares). Next: 250 × 3 + 62 = 812.",05 Abstract Reasoning (Non-Verbal Reasoning)/03 Advance/README.md,https://github.com/rohanmistry231/CSE-Aptitude-Test-Practice-Hub
196,05 Abstract Reasoning (Non-Verbal Reasoning),03 Advance,hard,Number Sequence Questions (1–20),"Find the next number: 4, 12, 30, 66, 132, 240, __",,,,,,,402,"Differences: 8, 18, 36, 66, 108. Second differences: 10, 18, 30, 42. Third differences: 8, 12, 12. Next: 42 + 12 = 54. First difference = 108 + 54 = 162. Next: 240 + 162 = 402.",05 Abstract Reasoning (Non-Verbal Reasoning)/03 Advance/README.md,https://github.com/rohanmistry231/CSE-Aptitude-Test-Practice-Hub
197,05 Abstract Reasoning (Non-Verbal Reasoning),03 Advance,hard,Number Sequence Questions (1–20),"Find the next number: 1, 5, 16, 44, 104, 224, __",,,,,,,452,"Differences: 4, 11, 28, 60, 120. Second differences: 7, 17, 32, 60. Third differences: 10, 15, 28. Next ≈ 48. Second difference = 60 + 48 = 108. First difference = 120 + 108 = 228. Next: 224 + 228 = 452.",05 Abstract Reasoning (Non-Verbal Reasoning)/03 Advance/README.md,https://github.com/rohanmistry231/CSE-Aptitude-Test-Practice-Hub
198,05 Abstract Reasoning (Non-Verbal Reasoning),03 Advance,hard,Number Sequence Questions (1–20),"Find the next number: 3, 9, 22, 46, 88, 158, __",,,,,,,272,"Differences: 6, 13, 24, 42, 70. Second differences: 7, 11, 18, 28. Third differences: 4, 7, 10. Next ≈ 16. Second difference = 28 + 16 = 44. First difference = 70 + 44 = 114. Next: 158 + 114 = 272.",05 Abstract Reasoning (Non-Verbal Reasoning)/03 Advance/README.md,https://github.com/rohanmistry231/CSE-Aptitude-Test-Practice-Hub
199,05 Abstract Reasoning (Non-Verbal Reasoning),03 Advance,hard,Number Sequence Questions (1–20),"Find the next number: 2, 4, 11, 29, 74, 182, __",,,,,,,442,"Each number follows: 2 × 2 - 0 = 4, 4 × 3 - 1 = 11, 11 × 3 - 4 = 29, 29 × 3 - 13 = 74, 74 × 3 - 40 = 182. Subtractions: 0, 1, 4, 13, 40 (Fibonacci-like). Next: 104. Next: 182 × 3 - 104 = 442.",05 Abstract Reasoning (Non-Verbal Reasoning)/03 Advance/README.md,https://github.com/rohanmistry231/CSE-Aptitude-Test-Practice-Hub
200,05 Abstract Reasoning (Non-Verbal Reasoning),03 Advance,hard,Number Sequence Questions (1–20),"Find the next number: 10, 20, 35, 65, 140, 350, __",,,,,,,980,"Each number is multiplied by increasing factors: 10 × 2 = 20, 20 × 1.75 = 35, 35 × 1.857 = 65, 65 × 2.154 = 140, 140 × 2.5 = 350. Next factor ≈ 2.8. Next: 350 × 2.8 = 980.",05 Abstract Reasoning (Non-Verbal Reasoning)/03 Advance/README.md,https://github.com/rohanmistry231/CSE-Aptitude-Test-Practice-Hub
201,06 Technical Aptitude (Basic Programming and AIML Concepts),01 Basic,easy,Programming Fundamentals (1–20),"What is the output of this C code: `int x = 5; printf(""%d"", x++);`?",,,,,,,5,"`x++` is post-increment, so `printf` uses the current value of `x` (5), then increments `x` to 6.",06 Technical Aptitude (Basic Programming and AIML Concepts)/01 Basic/README.md,https://github.com/rohanmistry231/CSE-Aptitude-Test-Practice-Hub
202,06 Technical Aptitude (Basic Programming and AIML Concepts),01 Basic,easy,Programming Fundamentals (1–20),"In Python, what is the output of: `print(3 * ""hello"")`?",,,,,,,hellohellohello,"String repetition in Python multiplies the string: `3 * ""hello""` produces `""hellohellohello""`.",06 Technical Aptitude (Basic Programming and AIML Concepts)/01 Basic/README.md,https://github.com/rohanmistry231/CSE-Aptitude-Test-Practice-Hub
203,06 Technical Aptitude (Basic Programming and AIML Concepts),01 Basic,easy,Programming Fundamentals (1–20),What is the value of `x` after this Java code: `int x = 10; x += 5;`?,,,,,,,15,"`x += 5` is equivalent to `x = x + 5`. So, `x = 10 + 5 = 15`.",06 Technical Aptitude (Basic Programming and AIML Concepts)/01 Basic/README.md,https://github.com/rohanmistry231/CSE-Aptitude-Test-Practice-Hub
204,06 Technical Aptitude (Basic Programming and AIML Concepts),01 Basic,easy,Programming Fundamentals (1–20),"In C++, what is the output of: `int a = 3, b = 4; cout << a + b;`?",,,,,,,7,`a + b = 3 + 4 = 7`. `cout` prints `7`.,06 Technical Aptitude (Basic Programming and AIML Concepts)/01 Basic/README.md,https://github.com/rohanmistry231/CSE-Aptitude-Test-Practice-Hub
205,06 Technical Aptitude (Basic Programming and AIML Concepts),01 Basic,easy,Programming Fundamentals (1–20),"What does this Python code do: `x = [1, 2, 3]; x.append(4)`?",,,,,,,Adds 4 to the list,"`append(4)` adds `4` to the end of the list `x`. New list: `[1, 2, 3, 4]`.",06 Technical Aptitude (Basic Programming and AIML Concepts)/01 Basic/README.md,https://github.com/rohanmistry231/CSE-Aptitude-Test-Practice-Hub
206,06 Technical Aptitude (Basic Programming and AIML Concepts),01 Basic,easy,Programming Fundamentals (1–20),"In C, what is the output of: `int x = 8; printf(""%d"", x >> 1);`?",,,,,,,4,`x >> 1` performs a right shift. `8` (binary `1000`) shifts to `0100` (4).,06 Technical Aptitude (Basic Programming and AIML Concepts)/01 Basic/README.md,https://github.com/rohanmistry231/CSE-Aptitude-Test-Practice-Hub
207,06 Technical Aptitude (Basic Programming and AIML Concepts),01 Basic,easy,Programming Fundamentals (1–20),"In Java, what is the output of: `boolean x = true; System.out.println(!x);`?",,,,,,,false,`!x` negates `true` to `false`.,06 Technical Aptitude (Basic Programming and AIML Concepts)/01 Basic/README.md,https://github.com/rohanmistry231/CSE-Aptitude-Test-Practice-Hub
208,06 Technical Aptitude (Basic Programming and AIML Concepts),01 Basic,easy,Programming Fundamentals (1–20),What is the output of this Python code: `x = 10; y = 3; print(x // y)`?,,,,,,,3,`//` is floor division: `10 // 3 = 3` (quotient without remainder).,06 Technical Aptitude (Basic Programming and AIML Concepts)/01 Basic/README.md,https://github.com/rohanmistry231/CSE-Aptitude-Test-Practice-Hub
209,06 Technical Aptitude (Basic Programming and AIML Concepts),01 Basic,easy,Programming Fundamentals (1–20),"In C++, what is the output of: `int x = 5; if(x > 3) cout << ""Yes""; else cout << ""No"";`?",,,,,,,Yes,"`x = 5 > 3`, so `if` condition is true. Prints `Yes`.",06 Technical Aptitude (Basic Programming and AIML Concepts)/01 Basic/README.md,https://github.com/rohanmistry231/CSE-Aptitude-Test-Practice-Hub
210,06 Technical Aptitude (Basic Programming and AIML Concepts),01 Basic,easy,Programming Fundamentals (1–20),"In Python, what is the output of: `for i in range(3): print(i)`?",,,,,,,,"`range(3)` generates `0, 1, 2`. Loop prints each value. 0 1 2",06 Technical Aptitude (Basic Programming and AIML Concepts)/01 Basic/README.md,https://github.com/rohanmistry231/CSE-Aptitude-Test-Practice-Hub
211,06 Technical Aptitude (Basic Programming and AIML Concepts),01 Basic,easy,Programming Fundamentals (1–20),"In C, what is the output of: `int x = 3; printf(""%d"", x & 1);`?",,,,,,,1,`x & 1` performs bitwise AND. `3` (binary `11`) AND `1` (binary `01`) = `01` (1).,06 Technical Aptitude (Basic Programming and AIML Concepts)/01 Basic/README.md,https://github.com/rohanmistry231/CSE-Aptitude-Test-Practice-Hub
212,06 Technical Aptitude (Basic Programming and AIML Concepts),01 Basic,easy,Programming Fundamentals (1–20),"In Java, what is the output of: `int x = 7; System.out.println(x % 2);`?",,,,,,,1,`%` is modulus: `7 % 2 = 1` (remainder).,06 Technical Aptitude (Basic Programming and AIML Concepts)/01 Basic/README.md,https://github.com/rohanmistry231/CSE-Aptitude-Test-Practice-Hub
213,06 Technical Aptitude (Basic Programming and AIML Concepts),01 Basic,easy,Programming Fundamentals (1–20),"In Python, what is the output of: `x = [1, 2]; x.pop(0); print(x)`?",,,,,,,[2],`pop(0)` removes the element at index `0` (1). New list: `[2]`.,06 Technical Aptitude (Basic Programming and AIML Concepts)/01 Basic/README.md,https://github.com/rohanmistry231/CSE-Aptitude-Test-Practice-Hub
214,06 Technical Aptitude (Basic Programming and AIML Concepts),01 Basic,easy,Programming Fundamentals (1–20),"In C++, what is the output of: `int x = 4; cout << ++x;`?",,,,,,,5,"`++x` is pre-increment, so `x` becomes `5`, and `5` is printed.",06 Technical Aptitude (Basic Programming and AIML Concepts)/01 Basic/README.md,https://github.com/rohanmistry231/CSE-Aptitude-Test-Practice-Hub
215,06 Technical Aptitude (Basic Programming and AIML Concepts),02 Intermediate,medium,Programming Fundamentals (1–20),"What is the output of this C code: `int x = 5; printf(""%d %d"", x++, ++x);`?",,,,,,,6 6,"In `printf`, arguments are evaluated right-to-left. `++x` increments `x` to 6, then `x++` uses 6 and increments `x` to 7. Output: `6 6`.",06 Technical Aptitude (Basic Programming and AIML Concepts)/02 Intermediate/README.md,https://github.com/rohanmistry231/CSE-Aptitude-Test-Practice-Hub
216,06 Technical Aptitude (Basic Programming and AIML Concepts),02 Intermediate,medium,Programming Fundamentals (1–20),"In Python, what is the output of: `x = [1, 2, 3]; y = x; y[0] = 4; print(x)`?",,,,,,,"[4, 2, 3]","`y = x` creates a reference to the same list. Modifying `y[0]` changes `x`. Output: `[4, 2, 3]`.",06 Technical Aptitude (Basic Programming and AIML Concepts)/02 Intermediate/README.md,https://github.com/rohanmistry231/CSE-Aptitude-Test-Practice-Hub
217,06 Technical Aptitude (Basic Programming and AIML Concepts),02 Intermediate,medium,Programming Fundamentals (1–20),"In Java, what is the output of: `String s = ""hello""; s = s.concat("" world""); System.out.println(s);`?",,,,,,,hello world,"`concat` creates a new string `""hello world""`. Output: `hello world`.",06 Technical Aptitude (Basic Programming and AIML Concepts)/02 Intermediate/README.md,https://github.com/rohanmistry231/CSE-Aptitude-Test-Practice-Hub
218,06 Technical Aptitude (Basic Programming and AIML Concepts),02 Intermediate,medium,Programming Fundamentals (1–20),"In C++, what is the output of: `int x = 10; cout << (x > 5 ? x : 5);`?",,,,,,,10,"Ternary operator: `x > 5` is true, so prints `x = 10`.",06 Technical Aptitude (Basic Programming and AIML Concepts)/02 Intermediate/README.md,https://github.com/rohanmistry231/CSE-Aptitude-Test-Practice-Hub
219,06 Technical Aptitude (Basic Programming and AIML Concepts),02 Intermediate,medium,Programming Fundamentals (1–20),"In Python, what is the output of: `def f(x): x += 1; x = 5; f(x); print(x)`?",,,,,,,5,Python passes integers by value. `x` inside `f` is local. Output: `5`.,06 Technical Aptitude (Basic Programming and AIML Concepts)/02 Intermediate/README.md,https://github.com/rohanmistry231/CSE-Aptitude-Test-Practice-Hub
220,06 Technical Aptitude (Basic Programming and AIML Concepts),02 Intermediate,medium,Programming Fundamentals (1–20),"In C, what is the output of: `int x = 10; printf(""%d"", x << 2);`?",,,,,,,40,`x << 2` left-shifts `10` (binary `1010`) to `101000` (40).,06 Technical Aptitude (Basic Programming and AIML Concepts)/02 Intermediate/README.md,https://github.com/rohanmistry231/CSE-Aptitude-Test-Practice-Hub
221,06 Technical Aptitude (Basic Programming and AIML Concepts),02 Intermediate,medium,Programming Fundamentals (1–20),"In Java, what is the output of: `int[] arr = {1, 2, 3}; System.out.println(arr[arr.length - 1]);`?",,,,,,,3,`arr.length - 1 = 2`. `arr[2] = 3`.,06 Technical Aptitude (Basic Programming and AIML Concepts)/02 Intermediate/README.md,https://github.com/rohanmistry231/CSE-Aptitude-Test-Practice-Hub
222,06 Technical Aptitude (Basic Programming and AIML Concepts),02 Intermediate,medium,Programming Fundamentals (1–20),"In Python, what is the output of: `x = {1: 'a', 2: 'b'}; x.update({2: 'c'}); print(x)`?",,,,,,,"{1: 'a', 2: 'c'}","`update` modifies key `2` to `'c'`. Output: `{1: 'a', 2: 'c'}`.",06 Technical Aptitude (Basic Programming and AIML Concepts)/02 Intermediate/README.md,https://github.com/rohanmistry231/CSE-Aptitude-Test-Practice-Hub
223,06 Technical Aptitude (Basic Programming and AIML Concepts),02 Intermediate,medium,Programming Fundamentals (1–20),"In C++, what is the output of: `int x = 5; for(int i = 0; i < 3; i++) x *= 2; cout << x;`?",,,,,,,40,Loop: `x = 5 * 2 * 2 * 2 = 40`.,06 Technical Aptitude (Basic Programming and AIML Concepts)/02 Intermediate/README.md,https://github.com/rohanmistry231/CSE-Aptitude-Test-Practice-Hub
224,06 Technical Aptitude (Basic Programming and AIML Concepts),02 Intermediate,medium,Programming Fundamentals (1–20),"In C, what is the output of: `int a = 7, b = 3; printf(""%d"", a ^ b);`?",,,,,,,4,`a ^ b`: `7` (binary `111`) XOR `3` (binary `011`) = `100` (4).,06 Technical Aptitude (Basic Programming and AIML Concepts)/02 Intermediate/README.md,https://github.com/rohanmistry231/CSE-Aptitude-Test-Practice-Hub
225,06 Technical Aptitude (Basic Programming and AIML Concepts),02 Intermediate,medium,Programming Fundamentals (1–20),"In Python, what is the output of: `x = [1, 2, 3]; print(x[1:3])`?",,,,,,,"[2, 3]","Slicing `[1:3]` includes indices 1 to 2: `[2, 3]`.",06 Technical Aptitude (Basic Programming and AIML Concepts)/02 Intermediate/README.md,https://github.com/rohanmistry231/CSE-Aptitude-Test-Practice-Hub
226,06 Technical Aptitude (Basic Programming and AIML Concepts),02 Intermediate,medium,Programming Fundamentals (1–20),"In Java, what is the output of: `int x = 15; System.out.println(x & (x - 1));`?",,,,,,,14,`x & (x - 1)` clears the least significant set bit. `15` (binary `1111`) & `14` (binary `1110`) = `1110` (14).,06 Technical Aptitude (Basic Programming and AIML Concepts)/02 Intermediate/README.md,https://github.com/rohanmistry231/CSE-Aptitude-Test-Practice-Hub
227,06 Technical Aptitude (Basic Programming and AIML Concepts),02 Intermediate,medium,Programming Fundamentals (1–20),"In C++, what is the output of: `string s = ""abc""; reverse(s.begin(), s.end()); cout << s;`?",,,,,,,cba,"`reverse` reverses the string: `""abc""` becomes `""cba""`.",06 Technical Aptitude (Basic Programming and AIML Concepts)/02 Intermediate/README.md,https://github.com/rohanmistry231/CSE-Aptitude-Test-Practice-Hub
228,06 Technical Aptitude (Basic Programming and AIML Concepts),03 Advance,hard,Programming Fundamentals (1–20),"What is the output of this C code: `int x = 5; int *p = &x; *p += 2; printf(""%d %d"", x, *p);`?",,,,,,,7 7,`p` points to `x`. `*p += 2` modifies `x` to `5 + 2 = 7`. Both `x` and `*p` access the same memory. Output: `7 7`.,06 Technical Aptitude (Basic Programming and AIML Concepts)/03 Advance/README.md,https://github.com/rohanmistry231/CSE-Aptitude-Test-Practice-Hub
229,06 Technical Aptitude (Basic Programming and AIML Concepts),03 Advance,hard,Programming Fundamentals (1–20),"In Python, what is the output of: `x = [[0]*2]*3; x[0][0] = 1; print(x)`?",,,,,,,"[[1, 0], [1, 0], [1, 0]]","`[[0]*2]*3` creates three references to the same inner list. Modifying `x[0][0]` affects all rows. Output: `[[1, 0], [1, 0], [1, 0]]`.",06 Technical Aptitude (Basic Programming and AIML Concepts)/03 Advance/README.md,https://github.com/rohanmistry231/CSE-Aptitude-Test-Practice-Hub
230,06 Technical Aptitude (Basic Programming and AIML Concepts),03 Advance,hard,Programming Fundamentals (1–20),"In Java, what is the output of: `String s1 = new String(""test""); String s2 = new String(""test""); System.out.println(s1 == s2);`?",,,,,,,false,`==` checks reference equality. `new String` creates distinct objects. Output: `false`.,06 Technical Aptitude (Basic Programming and AIML Concepts)/03 Advance/README.md,https://github.com/rohanmistry231/CSE-Aptitude-Test-Practice-Hub
231,06 Technical Aptitude (Basic Programming and AIML Concepts),03 Advance,hard,Programming Fundamentals (1–20),"In C++, what is the output of: `int x = 10; auto f = [&x]() { x += 5; return x; }; cout << f() << "" "" << x;`?",,,,,,,15 15,"Lambda captures `x` by reference. `f()` increments `x` to `15`, returns `15`. `x` is also `15`. Output: `15 15`.",06 Technical Aptitude (Basic Programming and AIML Concepts)/03 Advance/README.md,https://github.com/rohanmistry231/CSE-Aptitude-Test-Practice-Hub
232,06 Technical Aptitude (Basic Programming and AIML Concepts),03 Advance,hard,Programming Fundamentals (1–20),"In Python, what is the output of: `def f(x=[]): x.append(1); return x; print(f(), f())`?",,,,,,,"[1] [1, 1]","Default list `x` is shared across calls. First `f()`: `x = [1]`. Second `f()`: `x = [1, 1]`. Output: `[1] [1, 1]`.",06 Technical Aptitude (Basic Programming and AIML Concepts)/03 Advance/README.md,https://github.com/rohanmistry231/CSE-Aptitude-Test-Practice-Hub
233,06 Technical Aptitude (Basic Programming and AIML Concepts),03 Advance,hard,Programming Fundamentals (1–20),"In C, what is the output of: `int x = 5; void *p = &x; printf(""%d"", *(int*)p);`?",,,,,,,5,`p` is a void pointer to `x`. Cast to `int*` and dereference gives `5`. Output: `5`.,06 Technical Aptitude (Basic Programming and AIML Concepts)/03 Advance/README.md,https://github.com/rohanmistry231/CSE-Aptitude-Test-Practice-Hub
234,06 Technical Aptitude (Basic Programming and AIML Concepts),03 Advance,hard,Programming Fundamentals (1–20),"In Java, what is the output of: `Integer a = 127; Integer b = 127; System.out.println(a == b);`?",,,,,,,true,Integer caching for `-128` to `127` reuses objects. `a` and `b` reference the same object. Output: `true`.,06 Technical Aptitude (Basic Programming and AIML Concepts)/03 Advance/README.md,https://github.com/rohanmistry231/CSE-Aptitude-Test-Practice-Hub
235,06 Technical Aptitude (Basic Programming and AIML Concepts),03 Advance,hard,Programming Fundamentals (1–20),"In Python, what is the output of: `x = {1: [1], 2: [2]}; y = x.copy(); y[1].append(3); print(x[1])`?",,,,,,,"[1, 3]","`copy()` creates a shallow copy. `y[1]` references the same list as `x[1]`. Appending `3` modifies `x[1]`. Output: `[1, 3]`.",06 Technical Aptitude (Basic Programming and AIML Concepts)/03 Advance/README.md,https://github.com/rohanmistry231/CSE-Aptitude-Test-Practice-Hub
236,06 Technical Aptitude (Basic Programming and AIML Concepts),03 Advance,hard,Programming Fundamentals (1–20),"In C++, what is the output of: `int arr[] = {1, 2, 3}; int *p = arr; cout << *(p + 1) * *(p + 2);`?",,,,,,,6,"`*(p + 1) = arr[1] = 2`, `*(p + 2) = arr[2] = 3`. `2 * 3 = 6`. Output: `6`.",06 Technical Aptitude (Basic Programming and AIML Concepts)/03 Advance/README.md,https://github.com/rohanmistry231/CSE-Aptitude-Test-Practice-Hub
237,06 Technical Aptitude (Basic Programming and AIML Concepts),03 Advance,hard,Programming Fundamentals (1–20),"In C, what is the output of: `union U { int x; char c; } u; u.x = 258; printf(""%d"", u.c);`?",,,,,,,2,Union shares memory. `x = 258` (binary `00000001 00000010`). `c` reads first byte (`00000010` = 2). Output: `2`.,06 Technical Aptitude (Basic Programming and AIML Concepts)/03 Advance/README.md,https://github.com/rohanmistry231/CSE-Aptitude-Test-Practice-Hub
238,06 Technical Aptitude (Basic Programming and AIML Concepts),03 Advance,hard,Programming Fundamentals (1–20),"In Python, what is the output of: `from functools import reduce; print(reduce(lambda x, y: x + y, [1, 2, 3], 0))`?",,,,,,,6,`reduce` applies `+` with initial value `0`: `((0 + 1) + 2) + 3 = 6`. Output: `6`.,06 Technical Aptitude (Basic Programming and AIML Concepts)/03 Advance/README.md,https://github.com/rohanmistry231/CSE-Aptitude-Test-Practice-Hub
239,06 Technical Aptitude (Basic Programming and AIML Concepts),03 Advance,hard,Programming Fundamentals (1–20),"In Java, what is the output of: `try { throw new Exception(""Error""); } catch (Exception e) { System.out.println(""Caught""); } finally { System.out.println(""Finally""); }`?",,,,,,,Caught Finally,"Exception is caught, prints `Caught`. `finally` always executes. Output: `Caught Finally`.",06 Technical Aptitude (Basic Programming and AIML Concepts)/03 Advance/README.md,https://github.com/rohanmistry231/CSE-Aptitude-Test-Practice-Hub
240,06 Technical Aptitude (Basic Programming and AIML Concepts),03 Advance,hard,Programming Fundamentals (1–20),"In C++, what is the output of: `vector<int> v = {1, 2, 3}; transform(v.begin(), v.end(), v.begin(), [](int x) { return x * x; }); cout << v[1];`?",,,,,,,4,"`transform` squares each element. `v = [1, 4, 9]`. `v[1] = 4`. Output: `4`.",06 Technical Aptitude (Basic Programming and AIML Concepts)/03 Advance/README.md,https://github.com/rohanmistry231/CSE-Aptitude-Test-Practice-Hub
